"Linear","GP","SingleCue","EqualWeighting","p"
-0.673307164942314,-0.672780702296764,-0.693237479557666,-0.692691393430133,1
-0.725845099904063,-0.714282046748399,-0.831585198964422,-0.668725537319566,1
-0.784500583548731,-0.783969553903428,-8.02333868748393,-0.658102992750821,1
-0.399071775569717,-0.415020120473346,-0.710956028730943,-0.693602644698467,1
-1.4105354357408,-1.37843042475915,-0.690624816919862,-0.692687907763389,1
-0.945343861926516,-0.978674920329026,-0.69083708138527,-0.692691395905433,1
-0.517674237452213,-0.444051105892563,-0.696123770364777,-0.693603694177643,1
-0.410297309497143,-0.389298004895114,-0.696774586218089,-0.693601835991248,1
-0.614817198654388,-0.631661407455079,-0.693952936505672,-0.692698319250186,1
-0.299151224330779,-0.34968285219383,-0.698513949810185,-0.69360343684612,1
-1.29470646946648,-1.30620079015068,-0.691378504299463,-0.692689512767709,1
-1.05265874647788,-1.03066168323457,-0.691562597350094,-0.692691149750091,1
-0.126878610360211,-0.126666499383552,-0.702890198994278,-0.693609927111424,1
-0.109965037953273,-0.122573319869509,-0.703563382023012,-0.692700697687053,1
-0.111867059560867,-0.113881840983881,-0.704175227179409,-0.692699284092215,1
-0.731572619755862,-0.724366210286836,-0.693058068951853,-0.692689345755923,1
-0.348040876136709,-0.362263147999447,-0.697012872045834,-0.692691947012215,1
-0.0641166244641622,-0.0659198619778354,-0.706380733943922,-0.692686437800921,1
-1.84847075104121,-1.83491551701665,-0.690532255676887,-0.692695030078385,1
-1.56576061896598,-1.56467438153921,-0.690602101678495,-0.692694259458229,1
-0.516540368844634,-0.505818497484115,-0.694306289842306,-0.692714837649733,1
-0.304864112965009,-0.305858224429805,-0.695985158583026,-0.693601849161738,1
-0.121260818477838,-0.124309297914422,-0.702555878275366,-0.693595213483029,1
-0.1928823303539,-0.19559033518934,-0.699640154530298,-0.692708929440728,1
-0.0582145650791667,-0.06092400109476,-0.706259366547847,-0.692689189055718,1
-0.535382314034298,-0.475820761611805,-0.694388453538853,-0.692694460580008,1
-1.25116281613018,-1.2835816800801,-0.691086141288293,-0.692706455547903,1
-0.441407463667467,-0.437211261285714,-0.695182215687851,-0.683175191070586,1
-0.113378109290539,-0.111220142805199,-0.702731600676304,-0.712732136682168,1
-0.776029953347129,-0.771966973822105,-0.692639066657535,-0.693588081996094,1
-1.44037691685864,-1.44697616994384,-0.690810275060671,-0.693611231093449,1
-0.262719902725597,-0.26375123250256,-0.697509461477179,-0.692698344080974,1
-0.370862654421666,-0.369495760330784,-0.695864903783186,-0.693599053633849,1
-0.291639284609579,-0.290742220248649,-0.696849930175663,-0.692681651850238,1
-0.416361371331207,-0.416415939300078,-0.695428771428392,-0.693593297003092,1
-0.10932676158325,-0.107531195601447,-0.70263768179576,-0.693579126402695,1
-0.457761842024621,-0.461163386554002,-0.69492627268793,-0.691670533974485,1
-0.656257143683749,-0.658291301027431,-0.693493362758333,-0.688652972698778,1
-0.955946220350311,-0.96137071321605,-0.691980189304327,-0.687083104588773,1
-0.232221646816068,-0.233391044714173,-0.698462554234507,-0.678921495203018,1
-1.18876496764791,-1.1800401528862,-0.691339923954882,-0.684658809751623,1
-0.114902029675739,-0.112834501086847,-0.702422685071209,-0.707077871428902,1
-0.0475255228989824,-0.0455230409332584,-0.708323570311476,-0.685477737151602,1
-0.241493129661502,-0.240448108780294,-0.698164854312736,-0.685701552950999,1
-0.48348977497534,-0.484314650137311,-0.694772508236908,-0.666110005966012,1
-0.0962472671489548,-0.0922444458308807,-0.703400524075578,-0.674311182516826,1
-0.338764298314543,-0.342087273970396,-0.696468571294838,-0.670439805818779,1
-0.371467241216222,-0.372057388339508,-0.695881877235678,-0.671277621106454,1
-0.753184705667301,-0.753318703933477,-0.692787850820548,-0.709151599160727,1
-0.0939091686972413,-0.0916845922545108,-0.703665158970781,-0.670316214945215,1
-0.7043232274531,-0.704486025104035,-0.697928225370485,-0.693377200213638,2
-0.587008521773363,-0.704486025104035,-0.0447296824949168,-0.638161942984229,2
-0.715904236173531,-0.692197668130636,-0.812656652885118,-0.800925595503502,2
-0.622492100755424,-0.650408092707827,-0.644852111481982,-0.696124102467102,2
-1.52189829183912,-1.43033276106203,-1.02186438519822,-0.995084199285349,2
-0.882811030419046,-0.880732151649277,-2.16321327753014,-0.808817721990765,2
-0.686515388566899,-0.680897665930652,-0.678433574181717,-0.635602229720795,2
-0.692578980563667,-0.695882195849695,-0.744702003555607,-0.651990856341639,2
-0.70317508194613,-0.707118258232055,-0.856134868102863,-0.647357056696388,2
-0.403746930585272,-0.423136439062953,-0.491935903972727,-0.711653681731781,2
-1.1398876004057,-1.13307405360056,-0.907246347322648,-0.73484870805832,2
-1.36962410255577,-1.35883418365801,-1.00653643432134,-0.68472888842901,2
-0.594639943663795,-0.59898156103364,-0.709786796657606,-0.688128913656564,2
-2.27895753519474,-2.26646653795214,-1.44434744686597,-0.712452666853187,2
-0.988623278772959,-0.986679646330856,-0.810523579645624,-0.699527753914446,2
-0.258745683942996,-0.264634146695172,-0.419846288143604,-0.667635256811108,2
-0.802914870663004,-0.806489434051407,-0.758860206464888,-0.72297015644857,2
-0.501942362099866,-0.504372237249783,-0.594260072863272,-0.712017962519417,2
-0.620599847570734,-0.621965396788286,-0.626170650504561,-0.677465753961599,2
-0.280737917010219,-0.281759676903588,-0.432372998850783,-0.7398500479122,2
-0.225902777423497,-0.227285520608189,-0.4123769453405,-0.693325008721235,2
-0.87097299366999,-0.880315088093165,-0.792353084655692,-0.697703434579224,2
-0.272185800030842,-0.272396680928213,-0.432442295894267,-0.680985202628992,2
-0.854173762260124,-0.851151482276828,-0.760905216861929,-0.678127781782212,2
-0.502007805256845,-0.498841907576609,-0.582534731243288,-0.68137522643979,2
-0.62616281602629,-0.620497925128814,-0.654184011254936,-0.696048594204269,2
-0.818304684648226,-0.818309268689288,-0.757255020089008,-0.687739678416068,2
-0.582693910644337,-0.584551761552673,-0.632205807494996,-0.686167187311543,2
-0.5049263944852,-0.505967458614943,-0.584022764271092,-0.684491444798119,2
-0.270791537052519,-0.272844034723563,-0.433578711392804,-0.667295198325192,2
-0.371560847286367,-0.380274126968968,-0.487807993726314,-0.721286305141576,2
-0.926239022539467,-0.938709373565503,-0.80684842702734,-0.720256311003313,2
-0.488097899421303,-0.485668184115709,-0.574956805185024,-0.670733810151136,2
-0.406941855850269,-0.403878552112898,-0.529257946042042,-0.723810408791597,2
-0.41954293141162,-0.4151285428116,-0.536124687037257,-0.709574113154489,2
-1.02938005883893,-1.03020963701121,-0.875073799673977,-0.695411316201112,2
-0.284380651835085,-0.285830013632986,-0.43710773768983,-0.69314764783533,2
-0.998753846887775,-0.99415571248457,-0.851378635139391,-0.703847812641846,2
-1.1929120940915,-1.1837311545063,-0.948398387743864,-0.756456601530643,2
-0.343433891902027,-0.336824850743223,-0.484525048047932,-0.713369347977142,2
-0.301459600812275,-0.301111564661532,-0.452947266833809,-0.673084190612043,2
-0.412677051015786,-0.410705080645782,-0.528429002408136,-0.676135155612598,2
-0.429784742719106,-0.426193300386951,-0.540466615482026,-0.681797912043013,2
-0.544328259908147,-0.54468764720246,-0.612787606358963,-0.665805457758358,2
-1.23642836005601,-1.24255162202617,-0.963365964014474,-0.75132520466799,2
-0.619883886050835,-0.619709236957106,-0.654237998808157,-0.735752475487405,2
-0.321439670453763,-0.317931380333516,-0.466165957247984,-0.647137529638079,2
-0.238004348319455,-0.23824196582417,-0.405861432426315,-0.680810817267957,2
-0.281708307332442,-0.280125210937406,-0.437123584659108,-0.721882219082618,2
-0.704502075531,-0.705449090328317,-0.694838505348908,-0.690191963342294,2
-0.665335534444887,-0.665050775151036,-0.690250780602069,-0.69271767893169,3
-0.717590959360446,-0.722103879271917,-20.7945474736839,-0.654832793889981,3
-0.802827034087605,-0.665077925408064,-1.01232511610017,-0.736192014557582,3
-0.636324508447688,-0.634622445779288,-0.566898433551167,-0.658812054926221,3
-0.396879232139141,-0.665033174471395,-0.602739317809305,-0.638723396339889,3
-0.718457802844269,-0.700803564660812,-0.694640832181236,-0.704543008742964,3
-0.0562968278611464,-0.072754787243087,-0.529344473095804,-0.693568488587039,3
-1.26216295107257,-1.19309552840017,-0.820561668500965,-0.684192613195115,3
-0.0779748468080046,-0.0753257405892552,-0.528334182938824,-0.693618043531184,3
-0.986239106751337,-1.0202332759958,-0.767345340517891,-0.692713845111934,3
-0.162493961929621,-0.170609607815404,-0.550422843476308,-0.693574715050087,3
-0.351053909753983,-0.369162519272029,-0.636367364976375,-0.693579792941097,3
-0.0573908171071221,-0.0580601942060965,-0.531297201052611,-0.693570815772821,3
-0.621925164895937,-0.650728696272656,-0.675965912832835,-0.692701845641317,3
-0.0288203834089086,-0.0305068660918806,-0.509484892953178,-0.693594188883379,3
-0.0555290570722937,-0.0602192564136243,-0.544967953888552,-0.692715509755326,3
-0.241740438336267,-0.260266471394006,-0.628739206530539,-0.693575147497239,3
-0.548105880813555,-0.589529135417591,-0.671866108843631,-0.692717640122831,3
-0.0761615313160854,-0.0794555803163898,-0.551105318357139,-0.693581427023643,3
-0.032748494759621,-0.0333132672136904,-0.511780724433783,-0.69271650878663,3
-0.339870982646026,-0.358717993350294,-0.63015446890221,-0.692727817435609,3
-1.49133990531292,-1.46074407435128,-0.77001194747754,-0.693575693455185,3
-0.0780622203153859,-0.0790296855338552,-0.567322231465777,-0.693578742312123,3
-0.0135201122389399,-0.0149492921566268,-0.484129003103477,-0.69271540559457,3
-0.841889128988225,-0.867458029328904,-0.726017789334268,-0.693579773708185,3
-0.179298281034884,-0.212295524378348,-0.615530477607937,-0.693573320815927,3
-0.281818687537307,-0.278717919264106,-0.624867335845018,-0.692703348952786,3
-0.216903998904674,-0.220157310137546,-0.608294932315647,-0.693571171300516,3
-0.0357735901556874,-0.0366500498152501,-0.521179015706296,-0.693572056353512,3
-0.116028797171619,-0.119793498575429,-0.575277222997902,-0.69356327092754,3
-0.368709266883202,-0.374882884055749,-0.64470157185616,-0.692681379945259,3
-0.0332465129266331,-0.0338542958672159,-0.515934995856309,-0.692670626851949,3
-0.167802498818883,-0.171950351568787,-0.596725891518157,-0.693222434839161,3
-0.2752512351429,-0.27577340011543,-0.620197829380069,-0.688156427850205,3
-1.13903216616751,-1.11754716763841,-0.745514218661821,-0.694722145219542,3
-0.271862516083494,-0.271101618416193,-0.622914850444106,-0.692247712703409,3
-0.0345479357626614,-0.0338869071050344,-0.520856028926966,-0.685919600123191,3
-0.395288517395449,-0.393690016110202,-0.648697609275151,-0.675794334357747,3
-0.0321245084416074,-0.0326854657433137,-0.515575692525294,-0.680707887296716,3
-0.108082137992907,-0.10724224112778,-0.569994569183062,-0.669694374106385,3
-0.287208361386099,-0.289942927575306,-0.62723308869955,-0.688355402236377,3
-1.68128328883858,-1.67788542282196,-0.795450178997163,-0.714428268589808,3
-0.527960265622409,-0.52920834928965,-0.67099847257262,-0.705071701884935,3
-0.0938009398442324,-0.0942121271977155,-0.563597909829311,-0.69783572323377,3
-0.0632224319924532,-0.0647151660144112,-0.542705343731466,-0.670182091165173,3
-0.115376935999539,-0.118242329070709,-0.57467635962518,-0.677142992165253,3
-1.58659583177303,-1.54626739766762,-0.783932191723629,-0.713249214623371,3
-0.151813686329657,-0.149892738874386,-0.591506617611137,-0.730379585318306,3
-0.14226930591797,-0.142818778048647,-0.585632422723933,-0.68176281068626,3
-0.0802655478337194,-0.0826466868540189,-0.555246275882754,-0.693057559581498,3
-0.716773824967093,-0.716490376447378,-0.70675150514116,-0.693784498378293,4
-0.343073314840332,-0.716471833743758,-6.14287915543687e-05,-0.314493268515007,4
-0.523143092839942,-0.561295130627332,-0.679736232603986,-0.495339833919085,4
-0.447383601558367,-0.477320096971891,-2.33759297098951e-06,-0.671444578114775,4
-0.384901760844889,-0.40605220272412,-0.267389023404075,-0.656404757319392,4
-0.115613939750331,-0.126291409880914,-0.149875092693986,-0.578904924106016,4
-0.591441601074752,-0.603026477076848,-0.486103643443211,-0.812786310651837,4
-1.26777487920658,-1.23643748068607,-1.35885219757639,-0.798076555941248,4
-0.0764339319394202,-0.0806263836722031,-0.115124343213495,-0.550356068574718,4
-0.17671514248855,-0.181385931502751,-0.270368676935448,-0.359517135923552,4
-0.437942260305558,-0.40927693093691,-0.485183740502586,-0.520290203816822,4
-0.0753204748358157,-0.0894366554916789,-0.11022148273161,-1.03665865959444,4
-0.0413375906263147,-0.0476930997156119,-0.0689801170283484,-0.66799808190489,4
-0.628377628334731,-0.605953509261019,-0.69795688040331,-0.685562125159365,4
-0.471534238226052,-0.479249762288609,-0.586176961369669,-0.708907078299498,4
-0.296151029217937,-0.313004099528832,-0.395700492165505,-0.687346746227185,4
-0.0741735513517733,-0.0804129105652675,-0.134493754923904,-0.626478530888959,4
-0.320234727528781,-0.327798484089495,-0.412114338522559,-0.647230264229136,4
-0.759328363191967,-0.800055209286367,-0.914666590616986,-0.626801068872416,4
-0.380718577353889,-0.387546570702784,-0.423182646599073,-0.713600441540626,4
-0.997522200250921,-0.999638899078516,-0.869152288635262,-0.598053988752132,4
-1.61461082889405,-1.59514209784068,-1.26597200824926,-0.754297783994735,4
-0.213281680438119,-0.220643910815306,-0.294129627615134,-0.674553393251124,4
-0.522369368491603,-0.532559521901015,-0.586505987440396,-0.813443825845956,4
-0.067895566579231,-0.0758121677357245,-0.136110277964185,-0.641653814069093,4
-0.28384027568363,-0.292746681329155,-0.362415579757026,-0.643613005465209,4
-0.344136449000575,-0.344881543105787,-0.444777311616691,-0.639473995579212,4
-0.077922745045041,-0.0827228408215582,-0.153222207788434,-0.759102070694657,4
-0.298565649418657,-0.304777412348028,-0.394056064258385,-0.653771405355444,4
-0.0546966013023793,-0.0618458968650425,-0.116735462314104,-0.673621461442716,4
-0.0797961903252388,-0.0848268887941326,-0.146998068532273,-0.643945834712652,4
-1.12758450264762,-1.11371533304344,-0.997700331535188,-0.7276433382012,4
-1.06061391624465,-1.06113578010539,-0.946968126363467,-0.758430336800259,4
-0.778942691312898,-0.775218170196013,-0.760410906927087,-0.660623224753862,4
-1.32188391821347,-1.29760478845181,-1.13280781960092,-0.702361302002802,4
-0.917796694572553,-0.911345408610621,-0.85259490601394,-0.766773707310437,4
-0.451294944537033,-0.447896132752672,-0.500930519761233,-0.619757186933096,4
-1.09223435395158,-1.07980051158326,-0.9748867945999,-0.690950127126198,4
-2.0287759640099,-1.99577376850719,-1.58326186452925,-0.714370595465864,4
-0.353691571029265,-0.361094033068544,-0.419157347114776,-0.679698701552373,4
-0.176814707148682,-0.188952031006935,-0.26483890547409,-0.692772627112613,4
-0.749072436865761,-0.754962799235062,-0.750992080515597,-0.737881812816329,4
-0.355452215457637,-0.350609114728967,-0.424802323705838,-0.738218882999776,4
-0.940347590279719,-0.930558446898511,-0.853603004016673,-0.717129498187452,4
-0.119765552554188,-0.124321428914144,-0.200011296684941,-0.617753279444462,4
-0.0652892235214932,-0.0710747729981383,-0.12977957137385,-0.630930351699875,4
-0.466206293559017,-0.476374485750812,-0.529320298927085,-0.662896169963226,4
-0.0844802337008256,-0.0897865406868173,-0.153384764195347,-0.692745176640728,4
-0.558556992918678,-0.577422092130538,-0.589923594573033,-0.641508051500955,4
-0.0549817472570368,-0.0608134545108159,-0.113292029109989,-0.874631623672025,4
-0.692131598801957,-0.69186189954621,-0.692834702492196,-0.692988613630925,5
-0.70663450889522,-0.69448263422673,-1.61770731874985,-1.04360299056006,5
-0.677935920148922,-0.674312395592956,-5.70569574686815,-0.777625431725001,5
-0.67947723089152,-0.670491990179791,-0.668139045116437,-0.69298757859018,5
-0.704156767935588,-0.701806903702707,-0.685988588916633,-0.693055250786389,5
-0.719101946230345,-0.721148193454901,-0.704676294422294,-0.693310328478697,5
-0.698131775104515,-0.698089970325768,-0.695649251601293,-0.693285130680306,5
-0.702856013757994,-0.711912226866961,-0.697709104050215,-0.692989395557133,5
-0.72805637105926,-0.724361189469107,-0.702944108498559,-0.692989592917956,5
-0.730097013626681,-0.740544925517494,-0.705440595003655,-0.693307445743347,5
-0.758880383281313,-0.761611243198363,-0.706513357766269,-0.69330711009778,5
-0.67807564664128,-0.670453670007614,-0.678404350907872,-0.693301702252838,5
-0.708329570656782,-0.711025726928422,-0.698406447232937,-0.693398563645256,5
-0.830427608453117,-0.843003900872495,-0.721409759219931,-0.6948416781127,5
-0.84813656684107,-0.865398142647557,-0.718620311995998,-0.70050637685417,5
-0.732732463673444,-0.740066024536535,-0.701395605401123,-0.707165912675937,5
-0.715189641322295,-0.717983651553749,-0.700420425476726,-0.685908714330628,5
-0.719783947363716,-0.724663668138797,-0.704429854064497,-0.699537087378327,5
-0.688740088515519,-0.675190147181849,-0.67177574544239,-0.690641564927593,5
-0.68432776538572,-0.672436967753545,-0.676479760780232,-0.693027751188887,5
-0.687127096229487,-0.685576663082401,-0.689797840872517,-0.679251019081559,5
-0.689615160585479,-0.689623231319238,-0.695720873492457,-0.703018506707071,5
-0.687403596186666,-0.686102489000206,-0.690149130242579,-0.675523037041798,5
-0.706063326311574,-0.708239325940902,-0.696909319396131,-0.678489729147945,5
-0.722337873579006,-0.729142247997927,-0.701648708787882,-0.695100639104166,5
-0.688623007159977,-0.689514925098332,-0.691976153890022,-0.683708436050061,5
-0.680609164754998,-0.670712846428016,-0.67630687113378,-0.681517520924582,5
-0.761075021106441,-0.771084373375702,-0.708404039603134,-0.693847641823308,5
-0.711597683829196,-0.715353353048841,-0.698743933152373,-0.701525684689758,5
-0.718205346689559,-0.723211737858978,-0.700152854428563,-0.710699600269043,5
-0.757931119756174,-0.76861295768202,-0.708684849834882,-0.700819212205302,5
-0.714846218504325,-0.719086303344227,-0.699708484148461,-0.699070382437988,5
-0.720954608059128,-0.726826237736881,-0.700603414350546,-0.703442831135233,5
-0.761413722602247,-0.772935370862809,-0.708476245306453,-0.729611500370315,5
-0.707801330901632,-0.712181882415356,-0.697434473625199,-0.679757948588662,5
-0.683296448577177,-0.680261057350756,-0.688647678278815,-0.708393027778998,5
-0.68972249243047,-0.676288050897703,-0.672899605261917,-0.677436838025599,5
-0.706856661681852,-0.690145440098949,-0.668271198644786,-0.689363431249485,5
-0.690406808607126,-0.67681993361018,-0.672901008718236,-0.735928764825083,5
-0.827920961968621,-0.84814583415574,-0.718007216755975,-0.703236871854632,5
-0.770705441858343,-0.781493965508661,-0.710562665054959,-0.691248698197761,5
-0.678361840810425,-0.672426329660065,-0.683118738578695,-0.692116534858652,5
-0.681307770373315,-0.677594813982597,-0.687096976663935,-0.685842729861008,5
-0.686501836201557,-0.684164651854192,-0.690316024076392,-0.697355137108676,5
-0.728575314288826,-0.734241508007244,-0.702938656690353,-0.685043506254912,5
-0.688364750085878,-0.675328044100426,-0.673192475930214,-0.686573085663794,5
-0.706671945512188,-0.710135482118623,-0.697749877309743,-0.696470538293253,5
-0.680178059129065,-0.676165567286154,-0.686271506972903,-0.691107960729495,5
-0.757411484820098,-0.766453428139383,-0.708019862565504,-0.6932644799334,5
-0.677930684637337,-0.670753624839618,-0.681621212436004,-0.684131375078678,5
-0.718378092456425,-0.718789086765838,-0.708681484818632,-0.693521876621226,6
-0.595494696504732,-0.668215424820798,-1.16441120363494,-0.771450534435328,6
-0.604560489373852,-0.718515570979108,-0.218109858841532,-0.687846874526062,6
-0.85563260291394,-0.76472665814642,-0.846382470305709,-0.65365088331492,6
-1.46071866356507,-1.45431410602525,-1.41294680376455,-0.736158856873624,6
-0.338585198332881,-0.332667051528157,-0.119121428605609,-0.828647313085765,6
-0.183799721716784,-0.182955526055591,-0.225890719219351,-0.692773394488963,6
-1.16615580315894,-1.09741770025527,-0.896528062012425,-0.685585352836341,6
-0.111822122160917,-0.114193147368193,-0.182892010438795,-0.692794088562456,6
-0.988373235390998,-0.973023231969681,-1.13519318161017,-0.692774796075262,6
-0.0446487265868361,-0.0469263149502295,-0.0780835879690396,-0.692757319441338,6
-0.243250468638978,-0.238780881998359,-0.316716159133,-0.689952643345025,6
-0.119162723083945,-0.124761487215527,-0.187908018829631,-0.713084118616186,6
-0.423684043130464,-0.430709928204547,-0.512319343557452,-0.692733550143912,6
-0.183887193564098,-0.188686622001291,-0.271021356815461,-0.692760657130145,6
-0.054053290422739,-0.0550690281308196,-0.0862134399991618,-0.683912177351033,6
-0.0233695066799796,-0.0240220603579776,-0.0505008692021743,-0.655667231854386,6
-0.137284915004543,-0.137590454440561,-0.177112945230901,-0.661049547086402,6
-0.350190544994143,-0.334978314069247,-0.387118162122438,-0.729826600812277,6
-1.08786215500533,-1.02430305549676,-0.752977912366202,-0.743943059053054,6
-1.47943331077277,-1.52704024578645,-1.32409311159946,-0.738205184290169,6
-0.12506466433199,-0.14282196334514,-0.231766070979136,-0.602330606137075,6
-0.151541285491156,-0.150223022699394,-0.201121901564966,-0.636001832111249,6
-0.0670900498065551,-0.0718826517228283,-0.119290464964052,-0.692910392616,6
-0.322651110044064,-0.311068489328218,-0.354504259623915,-0.658651628751719,6
-0.250602151101315,-0.250553738682564,-0.31282184052359,-0.634905837965766,6
-1.22741261966108,-1.24458286495793,-1.04518187520179,-0.735946511917019,6
-0.0664701749295095,-0.069484858744096,-0.100402473768604,-0.683631660485531,6
-0.338769082497817,-0.333898918581849,-0.379759523620538,-0.662371237536181,6
-0.0446729788129041,-0.0547628349189152,-0.083842841191328,-0.80178937582963,6
-0.218191463520065,-0.21870289158635,-0.287889047944969,-0.698004383047441,6
-0.217821310191182,-0.219260822997385,-0.276253783541284,-0.722663139155753,6
-0.0547659060272106,-0.0495694692116385,-0.100133147620075,-0.663363775493976,6
-0.351683459913877,-0.368949924747112,-0.41547773967196,-0.673260866563197,6
-1.95692471135277,-1.98468010614018,-1.57142870130588,-0.702244892643052,6
-0.0206827584227626,-0.0204817353617405,-0.047453763594364,-0.663408591374356,6
-0.419829386296388,-0.411424618634266,-0.461790376196481,-0.717209961965731,6
-0.148496206011114,-0.142090795660139,-0.214239751372726,-0.666481060193578,6
-1.21429130321392,-1.23090350872708,-1.0987009093343,-0.741491791829955,6
-0.182389158748095,-0.185446311050238,-0.245114497079772,-0.674240792965886,6
-0.072827242351694,-0.0731879691772304,-0.125517447919757,-0.770413511011478,6
-1.34953888689385,-1.30608614537801,-1.2035165175496,-0.673347127639856,6
-0.49631510844019,-0.494292584207524,-0.5408155825834,-0.682394479612541,6
-0.0689115772662307,-0.0730458550838998,-0.118255916794597,-0.672815201464481,6
-0.299178222907091,-0.320864394414307,-0.360968973670284,-0.687897860070337,6
-0.369936381407393,-0.370522337222121,-0.425430722345318,-0.70198975429209,6
-0.612742823961678,-0.6079103611007,-0.636168294970691,-0.664575221890988,6
-0.174759288160115,-0.173156031288988,-0.243176794311252,-0.686593975761806,6
-0.316362695449488,-0.315898497792687,-0.382586315660248,-0.685735135018573,6
-0.0646697204737386,-0.0644453699702954,-0.115417409134238,-0.669603487166172,6
-0.707850866621244,-0.708149238383678,-0.693644557226047,-0.693116350922294,7
-0.684559737545465,-0.708149238383678,-16.7688973346262,-2.91525080170192,7
-0.625830259186855,-0.674676229008858,-0.646651405124597,-0.693115140763345,7
-0.795386175562786,-0.678415772556231,-0.692441001312275,-0.693177966883795,7
-0.384844582877689,-0.399313058593035,-0.666345998397773,-0.693177757633098,7
-0.8940557263258,-0.860317382961506,-0.700670889236889,-0.693116486946891,7
-0.307984251415589,-0.330145879028764,-0.673831336379552,-0.693116256485245,7
-0.446542327785704,-0.444194164461084,-0.678122598840244,-0.693116367109862,7
-0.573743112514421,-0.58774511174444,-0.686703824108551,-0.693178923694178,7
-0.315819513706588,-0.319813836290051,-0.66422993327044,-0.693178164389456,7
-0.521168384300063,-0.504806113076091,-0.682098395262001,-0.693116186610013,7
-1.11839457841378,-1.12418004163487,-0.711369907178773,-0.693178450752621,7
-0.739787009941861,-0.718809308276449,-0.692942900383041,-0.69311669751468,7
-0.216413478033097,-0.224401901706258,-0.665524942128231,-0.693115420720601,7
-0.133495418455415,-0.137821561193395,-0.657923943978949,-0.693178387083751,7
-0.611234064535925,-0.591581275651426,-0.681990515387833,-0.693178311902095,7
-0.355870904813003,-0.370570566429207,-0.674686564303667,-0.693116692094652,7
-1.82559359215798,-1.8324757322148,-0.730825760254344,-0.693177115790411,7
-0.482719125487677,-0.500258029815674,-0.678317723736072,-0.693924926529212,7
-0.525379846302012,-0.51466992319305,-0.682656042602257,-0.692313941100159,7
-0.157286295881488,-0.15627935762117,-0.663224390183166,-0.69535476845029,7
-0.491552041743767,-0.507859256739217,-0.683597738875449,-0.694576578186282,7
-0.744305931231503,-0.737665346563416,-0.697291168004167,-0.692042384802367,7
-0.710205978983345,-0.721353780860125,-0.695032323982302,-0.692050145204952,7
-0.48930002882628,-0.49609927327652,-0.683911728252369,-0.696550320677211,7
-0.176328953642684,-0.185643217306677,-0.665857135974155,-0.69204022181261,7
-0.36318022281417,-0.362734832750085,-0.676431211488722,-0.692254478631161,7
-0.924849860841181,-0.932535026732396,-0.702009936222201,-0.692678490956811,7
-0.196535081467755,-0.19744093671717,-0.665329218403257,-0.697407471228678,7
-1.2351484683128,-1.23333905015042,-0.710676620137611,-0.692679800230743,7
-0.16448444336898,-0.163137164074626,-0.663176541779572,-0.697709358218557,7
-0.999376892463884,-1.00419503859163,-0.70550939964687,-0.692030449516969,7
-0.598412579948376,-0.601734667471168,-0.689050426830532,-0.692647612009263,7
-0.559520789372983,-0.563519526939967,-0.687111990978312,-0.692664643988889,7
-0.468000198543338,-0.467708964802617,-0.682350068044924,-0.69515771052573,7
-0.786102924547125,-0.784310631886635,-0.696961041447746,-0.693234734711526,7
-0.134729698973971,-0.135101783199228,-0.660487190010836,-0.695353398318862,7
-0.2003918775531,-0.200146057898651,-0.665732945264158,-0.696967977020124,7
-0.519513319952282,-0.525374054976935,-0.684898084738879,-0.692037938847141,7
-0.511049744525747,-0.509364872566279,-0.684667513522626,-0.692987466338658,7
-1.58480299454842,-1.60276056772093,-0.723706214135981,-0.693938924374981,7
-0.301840236487567,-0.297543591306382,-0.672945095105382,-0.696120089223819,7
-0.301274095584678,-0.299161133480527,-0.673394100761235,-0.694785762376429,7
-1.05222138000261,-1.06402202230246,-0.706634354353793,-0.692190671467343,7
-1.27805391523109,-1.28937757434591,-0.713948218033964,-0.693405889425517,7
-0.850029152180896,-0.858953155784727,-0.699758666288135,-0.695264563313105,7
-1.27567062583321,-1.28094991191307,-0.714544528069187,-0.692455275208673,7
-1.49383811638828,-1.49630165009121,-0.721695549861411,-0.694966201971901,7
-0.522482962808081,-0.516431729183961,-0.685375112819869,-0.704984786816738,7
-0.156827727431572,-0.154825056486669,-0.662508663085573,-0.700883143542542,7
-0.676218885498658,-0.676123389392176,-0.683838972957677,-0.692652730128846,8
-0.581658806303653,-0.676079101102292,-1.85475547318468,-0.118094021314293,8
-0.461374915303804,-0.486252941987001,-7.91317781981696e-05,-0.487963484760522,8
-0.956449933358573,-0.828539942416734,-0.455759227268522,-0.927016002553328,8
-0.43024527951394,-0.44938566137654,-0.487863526611091,-0.641945340182443,8
-0.419680167977726,-0.382269948511015,-0.437565268004531,-0.578490590182709,8
-1.07629982480156,-0.936845231085151,-1.08832902150982,-0.659141552805325,8
-0.354935711688501,-0.368844580326256,-0.448216965714527,-0.606286767380142,8
-0.462820116203825,-0.519341836517422,-0.522976225821134,-0.66786300423877,8
-1.0235324893701,-1.02010165265201,-0.881681362525185,-0.826154216532094,8
-0.0830457485929965,-0.0972603678521876,-0.160443128658832,-0.570061243201937,8
-1.36820726984488,-1.35092021026538,-1.09312793674569,-0.747782792788033,8
-0.779288324943208,-0.758701433855823,-0.766506713111055,-0.689337391997127,8
-0.16563502679591,-0.177708151745549,-0.28036430840168,-0.588989883634718,8
-2.15081698833106,-2.15584602747824,-1.4777169792775,-1.20196455359085,8
-0.640220821741874,-0.63363318815111,-0.655488735581137,-0.637095624333043,8
-0.692688315045911,-0.679765433706878,-0.658202570012815,-0.611247263271633,8
-0.53384215491796,-0.532902805435675,-0.57950197770016,-0.651861801203898,8
-0.199106420017575,-0.208646537442627,-0.305462313293287,-0.633549630753299,8
-1.09460146094687,-1.11232044270731,-1.00576690030232,-0.737791511378451,8
-1.44475139469867,-1.43119468069291,-1.21143381041879,-0.716900708315289,8
-0.576566663335525,-0.579119720161489,-0.602174594305183,-0.716164800164926,8
-1.02762309458186,-1.03300806156684,-0.877169253499013,-0.804689297318793,8
-0.130222460881902,-0.133403351269208,-0.222287529301738,-0.630434026934922,8
-1.57288695251205,-1.81997450863989,-1.48393826260009,-0.742467408397881,8
-0.964236266285078,-0.955518210941023,-0.875412493642232,-0.653054752431023,8
-0.993258223938977,-0.995766988142241,-0.826481382941534,-0.748396166595095,8
-0.0844351340881113,-0.086860513233315,-0.167068200906191,-0.631190093968576,8
-0.21597897939371,-0.221862412797335,-0.327506911156521,-0.707993713057394,8
-0.358069181294008,-0.366958374612389,-0.422776001767767,-0.622266816045379,8
-0.433271596476628,-0.43660960303763,-0.507340286835843,-0.74209028333706,8
-0.427401116034402,-0.433727822679487,-0.493283448962786,-0.674881097235631,8
-0.137301824296439,-0.142353888258542,-0.238499620609975,-0.618466242176248,8
-0.418333936439267,-0.422614294216377,-0.492729843285604,-0.756908839996961,8
-0.561621404723959,-0.562599479381102,-0.598063488665393,-0.596359327360636,8
-0.727107283585786,-0.710532483402319,-0.729101274767897,-0.782600517192158,8
-0.44038638196485,-0.442321130762928,-0.512904298522392,-0.617955899112289,8
-0.559572920161835,-0.55560902422353,-0.592598001838641,-0.734688877077519,8
-0.14749338539199,-0.152275496926737,-0.255580278044031,-0.638533519049986,8
-0.115434012780557,-0.120362914598483,-0.212007305616395,-0.855217270519858,8
-0.524254608075174,-0.52801786980416,-0.576390478724124,-0.667476524071187,8
-0.613937248299167,-0.624707516979561,-0.645160405718111,-0.728677618011868,8
-0.718043290304811,-0.716219126585419,-0.707162604798898,-0.69128813810034,8
-0.0684435381365891,-0.0693681648023615,-0.153962677278342,-0.638317287078814,8
-0.148674786063201,-0.151396575817596,-0.250345700251255,-0.591486117114558,8
-0.530983707004417,-0.543917440656482,-0.569892736974601,-0.667980196145459,8
-0.282576249830044,-0.289717328694431,-0.38117293066256,-0.658654003767714,8
-0.778822666394873,-0.789816236706175,-0.75071847986897,-0.579095947623714,8
-0.538875560674877,-0.54329919234296,-0.589483748258749,-0.813576500152354,8
-0.109356254735588,-0.111848857016222,-0.208136652972428,-0.827111096736014,8
-0.679668824270828,-0.679141873921595,-0.690772362413753,-0.692790328343627,9
-0.704014846602399,-0.679195931431532,-2.60134328281442,-0.923573019429783,9
-0.835494046120234,-0.85208181879465,-1.15043508260899,-0.692697160179444,9
-0.994650091178048,-0.858448020661461,-0.775175923946864,-0.692796033120508,9
-0.565056082647475,-0.602443364623912,-0.63261911713916,-0.692769436408345,9
-0.317833879296587,-0.331750300535503,-0.600347169677718,-0.68332912102098,9
-0.332316967531775,-0.355421964415976,-0.553759885156573,-0.654375689305844,9
-1.41624441320979,-1.38542076980381,-0.939862649468474,-0.758380510710107,9
-0.672334096237853,-0.671430608606048,-0.774972449678418,-0.650699175609461,9
-0.485083609919954,-0.482228982727002,-0.626953218371101,-0.675608862132972,9
-1.10399094425313,-1.10450457692072,-0.758160091683601,-0.692813141814011,9
-1.27752091373443,-1.28327591336676,-0.805476616824802,-0.678336275148894,9
-0.612054187452196,-0.606357369056967,-0.670932900928592,-0.692748359604908,9
-0.670209958983711,-0.675573798467311,-0.702412119368808,-0.693544830983188,9
-0.282238254966593,-0.283841028568255,-0.568939407545969,-0.692785168910182,9
-0.570461670222076,-0.567384000426988,-0.711628956530367,-0.693505065763612,9
-0.839360679533129,-0.82777641086263,-0.713239688128602,-0.693497662544456,9
-0.256105269767693,-0.248189806917804,-0.580606930456583,-0.693531576671942,9
-0.267751268341891,-0.266998781017966,-0.576044744063001,-0.692790064133473,9
-0.402374379972882,-0.400864011440467,-0.617811485488183,-0.69279020281076,9
-0.235480974935025,-0.229271908528036,-0.564199072736797,-0.693509442577887,9
-0.31030716993287,-0.311685480402454,-0.594922916089759,-0.693498884807312,9
-0.512104604105175,-0.503682282108767,-0.65042365934156,-0.693499806127214,9
-1.19963280685309,-1.22816228451511,-0.815296791588692,-0.692793799551629,9
-0.231660684529652,-0.220975504577044,-0.564835146657088,-0.693491496715189,9
-0.481955749106134,-0.476399468051592,-0.647157498293109,-0.693698440228126,9
-0.253929455427087,-0.251045305938002,-0.58274404385035,-0.692675115558065,9
-0.300995807222895,-0.297441616480831,-0.590039853749937,-0.694423719205213,9
-0.746017890231677,-0.74953472574888,-0.704797480600107,-0.691096171083243,9
-1.16916188120856,-1.17299683894724,-0.797840816279583,-0.693133474484374,9
-0.78378877298869,-0.783456543685574,-0.712429020008688,-0.691489328095768,9
-0.515982406285836,-0.516397099927945,-0.65299490970488,-0.685002188003508,9
-0.785569166295782,-0.783523638278014,-0.712618504852082,-0.688410529423022,9
-0.96889996883223,-0.977881440733732,-0.750191579614199,-0.693339236989188,9
-0.850980589099443,-0.857954971182497,-0.724864117352361,-0.693175562737314,9
-0.986717167644612,-1.01075204516255,-0.752111119966492,-0.694746064046167,9
-1.54669486307637,-1.58410601396172,-0.85172478554415,-0.686471547251307,9
-0.150198839207488,-0.14495697608809,-0.540803987951633,-0.692223747769562,9
-0.827373831891705,-0.824599710524327,-0.718824672731935,-0.691965751280361,9
-0.524353322893128,-0.509260128912686,-0.654127384423597,-0.698620060527844,9
-0.895622892129542,-0.897492756367997,-0.736459722869926,-0.697603623538301,9
-0.479041993118547,-0.475258504458159,-0.64259962035234,-0.683807749992175,9
-0.765042432150033,-0.774416360920204,-0.707868836326569,-0.705838350828573,9
-0.506510102065364,-0.507930834081374,-0.649531599719025,-0.683496158996687,9
-0.368721781619471,-0.366558294748508,-0.610151287740242,-0.690757906264209,9
-1.01890130107404,-1.02813483597597,-0.759759630545196,-0.698245395490335,9
-0.155377137192621,-0.146068639092757,-0.541742094935828,-0.685481101910142,9
-0.530509774202608,-0.52332042725664,-0.656344851702145,-0.672820602087091,9
-0.560998904792894,-0.566483246758445,-0.660926426664251,-0.687504141563579,9
-0.787704619786303,-0.791016080093524,-0.714020286154422,-0.689448767384733,9
-0.664297642944075,-0.663632151798465,-0.685763373544748,-0.692741378424744,10
-0.851461795341025,-0.723755759753773,-12.8940364515677,-2.54107197563652,10
-0.0351260301660637,-0.041425732533552,-0.304110792679908,-0.577224941814708,10
-0.351522620164977,-0.372122074261321,-0.563638667161199,-0.591641034864447,10
-0.83336032097247,-0.792845083586287,-0.800581124989333,-0.552737487912296,10
-1.6276184313581,-1.61738966466679,-1.0458000768853,-0.831201878517827,10
-0.292294583127846,-0.290513487994793,-0.516412982980588,-0.682244094893567,10
-0.253966347519883,-0.274948775517647,-0.467965604953012,-0.715419451905513,10
-0.302636671931981,-0.322267748126212,-0.539976280906105,-0.603425079741863,10
-0.900939418218679,-0.873825465139476,-0.778691645657413,-0.748817532870371,10
-0.841635345086796,-0.837127727662742,-0.756236137438196,-0.785593855854739,10
-1.33631224219186,-1.3254127367212,-0.95864867292533,-0.589046290400821,10
-0.446425596751973,-0.458044881435366,-0.6205312784387,-0.727478412228722,10
-0.0848921347749359,-0.101852430632096,-0.41854809878475,-0.673783408178428,10
-0.211647266911416,-0.223673018882303,-0.482681878092938,-0.705889356894764,10
-0.326932157021322,-0.334632752863973,-0.577770209094363,-0.660694709865193,10
-0.602869191460208,-0.616755844387886,-0.663133081943224,-0.639082639038861,10
-0.0788376422261437,-0.0757047774073054,-0.372931706625925,-0.691827722351892,10
-1.14634237219537,-1.13439271719492,-0.810292014570182,-0.621329245920363,10
-0.0505813841570318,-0.0454692726382977,-0.329649116961984,-0.687394949481474,10
-0.0554543568963547,-0.058353337938186,-0.304886709830665,-0.679050215704582,10
-0.571494473526872,-0.598502676398089,-0.658514346883625,-0.745664411382604,10
-0.250621641765396,-0.25555399929116,-0.521771082419016,-0.680189342651607,10
-1.20363938240356,-1.21051668085738,-0.840793548176491,-0.689607797199439,10
-0.557799574826962,-0.564139782450364,-0.639550726605275,-0.695773202721096,10
-0.099693775586087,-0.102523295723255,-0.417784546216346,-0.55967990368498,10
-0.144456335168371,-0.141397514857511,-0.436189423854462,-0.664860510459465,10
-0.0242665077023101,-0.0243847439327119,-0.279542620625287,-0.853928097600127,10
-0.306782067720619,-0.303541529268085,-0.534082314805746,-0.705343893271393,10
-0.0297742399668657,-0.0293522407178192,-0.293926113694894,-0.648091578969902,10
-1.23248454638936,-1.21985320358215,-0.83772845964116,-0.774089158970752,10
-0.250016029444825,-0.232666248172731,-0.535318843761345,-0.727684803022516,10
-0.0397873279467152,-0.0384853268941964,-0.323833531545683,-0.649155434742439,10
-0.189486276827067,-0.188375246153546,-0.478301883388449,-0.708813252754136,10
-0.216546652455672,-0.210340213693802,-0.486590822777337,-0.649677691619592,10
-0.693151497790388,-0.680471311070683,-0.696226159016987,-0.647890090384238,10
-0.240863401571847,-0.235603541501697,-0.515131097768701,-0.685141293653523,10
-0.64977161598918,-0.628373964176435,-0.682219701267963,-0.694324430945372,10
-0.392126391036712,-0.390826173676134,-0.590555015145749,-0.664863462912564,10
-0.069314732803102,-0.0661997454930882,-0.36324457866792,-0.666046343592734,10
-0.0879157450233153,-0.0851960482972392,-0.390478126640801,-0.672708304952645,10
-0.102230908682988,-0.0998824963809163,-0.403388755128014,-0.632028485342171,10
-0.551079134262994,-0.545564374966986,-0.650422993191496,-0.792542800204618,10
-1.03618870421013,-1.03986736671624,-0.787019789546469,-0.632044538677349,10
-0.0682485064543277,-0.0677926088291925,-0.364094450689819,-0.591767200077825,10
-0.207560154238992,-0.210906291545607,-0.483683031219039,-0.687931342476047,10
-0.393281226543252,-0.397222737821428,-0.582581151711743,-0.632896668193354,10
-0.115645822253152,-0.112432961615465,-0.42343590442084,-0.692916665726775,10
-0.0536528797579186,-0.0527718516989779,-0.346772075339564,-0.649355452074321,10
-0.167852638114814,-0.164855092926504,-0.461866417116751,-0.69594984416282,10
-0.705663359511607,-0.706233338120021,-0.698939526400535,-0.693547849756588,11
-0.846888339758864,-0.707365937121015,-2.21291204680627,-0.741129906340189,11
-0.658191179287369,-0.664280877783418,-0.421843699236158,-0.78800302528163,11
-0.482301735395638,-0.505828550418698,-0.491578180517674,-0.693548291640861,11
-0.768397059541318,-0.741326841791267,-0.161183879500001,-0.692749807877397,11
-0.351044301008703,-0.370162225736933,-0.376412651121062,-0.693549022376805,11
-1.04617015272498,-1.05810143594409,-1.0050244545528,-0.692796632959253,11
-0.36909693570365,-0.359578603977257,-0.466916815360519,-0.671947038947614,11
-0.697150346881835,-0.664077184161002,-0.728221307167826,-0.628209777433861,11
-0.991031787400243,-0.950925421908853,-1.04795801200959,-0.704217984859639,11
-1.48015952766899,-1.51001841325693,-1.25360392378336,-0.634665350303016,11
-0.658220355510852,-0.669596984656951,-0.659257088877726,-0.692745829380259,11
-0.922420655616664,-0.93385120030206,-0.926712005389461,-0.692747788828895,11
-1.17982952764507,-1.18303064756783,-1.02467341286466,-0.692757338031867,11
-0.637446826935666,-0.641525353474834,-0.663436115139689,-0.693561457133354,11
-1.0580892293484,-1.06106555138341,-0.864162076197838,-0.692724925716758,11
-0.904451316844191,-0.912053378379867,-0.736396549434962,-0.693558144036323,11
-1.32749868688533,-1.33904657483455,-0.974892624059315,-0.695218976168082,11
-0.238063317801527,-0.228011212055552,-0.409592361144331,-0.683701833544658,11
-0.242895541019393,-0.233870905952049,-0.391537964719542,-0.711016629737874,11
-1.20921653265422,-1.20421852427488,-1.01345877133587,-0.693547382438476,11
-0.146217554716469,-0.137451789765787,-0.303207146594895,-0.688687498337177,11
-0.240009790325206,-0.228204675135722,-0.370922927819851,-0.679189059145811,11
-0.828353812032795,-0.853321171405986,-0.782851352895244,-0.675163477555809,11
-0.235608458497113,-0.254413949842718,-0.382739996287067,-0.724696397495404,11
-0.464289414579737,-0.470329031645387,-0.564506509518993,-0.692763335465893,11
-0.351300890507404,-0.334941680622695,-0.472623032241842,-0.692740689062347,11
-0.391656294237576,-0.379249827164349,-0.485518957323516,-0.693537721316073,11
-0.472905619763076,-0.477168570913079,-0.564705304047621,-0.693529234258356,11
-0.409636649456759,-0.404532105131197,-0.525388461807906,-0.693009491012768,11
-0.61820494743354,-0.618164735730987,-0.646130431539334,-0.704750912136791,11
-1.15857838710749,-1.1820084335892,-0.95028862987464,-0.693643166607396,11
-0.284558339999203,-0.274215609337355,-0.423142241271186,-0.692927520033899,11
-0.848933488195535,-0.856069893388559,-0.770196814633085,-0.692170811045772,11
-1.0352788677269,-1.045998246956,-0.877550228773954,-0.700571168239624,11
-0.314571494762068,-0.308843410836762,-0.446791035269009,-0.687420829812619,11
-0.782446377158026,-0.798094981142893,-0.741840642823648,-0.703637422667822,11
-0.735028071183461,-0.736817379209175,-0.713361883455013,-0.691447218346386,11
-0.790822958146779,-0.800937133346698,-0.748066114651078,-0.691683114944983,11
-0.244416727618375,-0.234876794942211,-0.390628305273408,-0.693497205159733,11
-1.09482054018461,-1.10803463604754,-0.914686355369047,-0.698738513351242,11
-0.393479717761912,-0.384386092310299,-0.507067477261662,-0.693626012654821,11
-0.243793256344025,-0.236798991576163,-0.389102495113011,-0.685739223188809,11
-0.976637852141693,-0.992397855754987,-0.84879084395657,-0.689705636608005,11
-0.531527040329931,-0.523489334770826,-0.59631632814769,-0.673732700914227,11
-0.486633710968639,-0.482106722647146,-0.570240930108148,-0.719422020166997,11
-0.548145793309303,-0.542842872084097,-0.605844888350049,-0.672143201458979,11
-0.446585106200773,-0.435807115747893,-0.538899691575236,-0.678998515646754,11
-0.65465106213476,-0.65235213334558,-0.671414332235009,-0.677847717177775,11
-0.240153189421835,-0.231950692088138,-0.38467440032756,-0.689912904227701,11
-0.708969451512158,-0.709029463389882,-0.692732784153569,-0.69358290066604,12
-0.771318863674864,-0.677683153440002,-7.6511245383841,-1.19239859787046,12
-0.803019630700976,-0.868998639802813,-0.592238869435003,-0.986360834069788,12
-0.992362831578325,-1.06262684145072,-0.672653532154667,-0.60434903133785,12
-1.22075963685607,-1.21455763422356,-0.664236397994916,-0.693649367413323,12
-0.5991172662383,-0.623406827162085,-0.696218007891019,-0.662111693726026,12
-0.81948356626682,-0.83092810278105,-0.687763737474059,-0.764268749311463,12
-0.601382030352556,-0.610705784849004,-0.703506420894648,-0.790315199558253,12
-0.333544705659439,-0.337406654500889,-0.707338826821545,-0.683744807533631,12
-0.928673492191517,-0.938598766327415,-0.687615934619496,-0.710141035780524,12
-0.178079774689934,-0.181215112326706,-0.726848579573669,-0.62361350067443,12
-0.551267473649235,-0.551091972416709,-0.700175079496909,-0.600396743294706,12
-0.23405382854318,-0.229882484300609,-0.725256066671557,-0.582711342278478,12
-2.38935391002686,-2.4032257274976,-0.66424277306778,-0.794327311219737,12
-0.261423642552097,-0.279326799892532,-0.714244705975488,-0.631663803979473,12
-0.45829991846616,-0.472913474059188,-0.703799831977333,-0.771854834917635,12
-0.490997088778957,-0.485986621059143,-0.705070025402345,-0.676217224232074,12
-0.628789910735826,-0.63346017538037,-0.694749475678839,-0.609620610429916,12
-0.400309114877714,-0.405902624821694,-0.709662177450099,-0.668233312968135,12
-0.39813430169208,-0.393907162302465,-0.705058534375857,-0.63586221730441,12
-0.303337010803605,-0.30834082185338,-0.71295698865495,-0.68173313858013,12
-0.147697135757412,-0.152860574090138,-0.727418661281069,-0.649244629041074,12
-0.841689908239915,-0.834963444309496,-0.688681584460798,-0.713446494848058,12
-0.951839050860757,-0.948659515319449,-0.68624475805252,-0.714201929249211,12
-1.23748720513006,-1.22688839791843,-0.679518984327745,-0.677838346382469,12
-2.29259407969543,-2.26676821093076,-0.664998096187654,-0.753087401326196,12
-0.411484219128291,-0.417118007842456,-0.705481376367258,-0.601203673908718,12
-0.343809759842532,-0.350617148340353,-0.70859970245068,-0.636948520198918,12
-0.124184234659879,-0.128154750185558,-0.731001718500426,-0.817150018651264,12
-0.452274132502299,-0.45641687941901,-0.703119813448466,-0.665958245404434,12
-0.167940715060579,-0.17062475955827,-0.724904308406922,-0.649786255391077,12
-0.94970078331703,-0.941577688578744,-0.685958028933147,-0.764489708519793,12
-0.563189836690604,-0.564889487993237,-0.698727973715962,-0.663932678000179,12
-0.858156489405932,-0.855049492978667,-0.688443921986283,-0.670119935660119,12
-0.364659101020343,-0.367895735615381,-0.707081542835225,-0.683372015374099,12
-0.280906774496509,-0.281454800525984,-0.713783653014452,-0.601472758611704,12
-0.862045636713843,-0.8584664923191,-0.68829526885332,-0.625647791013062,12
-1.21997654008164,-1.2032796803978,-0.679823240679206,-0.685960915915254,12
-0.698330876401894,-0.692535525958257,-0.692998635352008,-0.68640367652255,12
-0.265029229447305,-0.267902377725349,-0.715814148828201,-0.714493366806061,12
-0.598234779322362,-0.589313020463781,-0.696710445606511,-0.703596508497921,12
-0.225598919082749,-0.232033361039821,-0.718611202105521,-0.692650986421167,12
-0.936938230293551,-0.931446079087805,-0.686027729020577,-0.719124665439413,12
-0.544576323644038,-0.540990821903794,-0.698492080839752,-0.704623839726425,12
-0.376351872798987,-0.378653011537117,-0.707379126507407,-0.653124741749152,12
-0.27939107120633,-0.284905297760311,-0.714051482630531,-0.666682950333561,12
-0.145129451825985,-0.145128982453235,-0.728783430094629,-0.643622296248715,12
-0.564626724446198,-0.566939393518422,-0.697502481628665,-0.711813636253306,12
-0.099839358506385,-0.101826845788595,-0.738063294858263,-0.649893138163018,12
-0.269945026923197,-0.27137621249476,-0.715208987497163,-0.623772139959372,12
-0.682100306734389,-0.681710512702178,-0.687838632808455,-0.692585621436735,13
-0.716416630003582,-0.705152733259489,-0.0866413026967488,-0.660340553762236,13
-0.557169866144283,-0.681632745982177,-0.609174611608949,-0.661929398350509,13
-0.888644614025739,-0.681722972837593,-0.999097672531872,-0.697065363000523,13
-0.763874683657528,-0.812465053919447,-1.3050911198015,-0.774401289976153,13
-0.379892102229689,-0.398317660923219,-0.492822779287772,-0.46628651623456,13
-0.740319715150929,-0.731821125867386,-0.767353453528061,-0.767550647882,13
-0.532290120171775,-0.553571260971701,-0.624919464295573,-0.838908404770275,13
-0.995178461510461,-1.00472467187606,-0.930237824201106,-0.627818490354958,13
-0.624464241674843,-0.627194631345379,-0.711815368898309,-0.683756659247979,13
-1.67185349823388,-1.67712038083909,-1.38427470796855,-0.695903743904262,13
-1.66126192751815,-1.65289614241469,-1.40042320152403,-0.711593627370884,13
-1.00848654523943,-1.01513937530959,-0.908310467646041,-0.713854203936803,13
-0.646795049412599,-0.652704305133406,-0.698547019997694,-0.737562421415741,13
-0.776425653979828,-0.772772137452958,-0.673377909268861,-0.639812444489807,13
-1.00859978939349,-0.992100368872965,-0.884710519452302,-0.746613083523715,13
-0.886191550906768,-0.872277469833504,-0.794065431344755,-0.666666833411231,13
-0.193119523844505,-0.195145853418418,-0.32986578064488,-0.652402847040095,13
-1.75480947825782,-1.75372944861415,-1.24781067660492,-0.753910341715235,13
-0.190161825405594,-0.188343941138856,-0.324078108227583,-0.59291723355269,13
-0.250545381521719,-0.247708114032175,-0.381925506404817,-0.631306277846,13
-0.835656139629843,-0.845312394223093,-0.794826196404107,-0.856118326674398,13
-0.3919966914503,-0.388528964485695,-0.499062023840907,-0.660794910041776,13
-1.02826727946043,-1.06689666351024,-0.892293460409347,-0.725047368975419,13
-0.473987402823934,-0.482123993866267,-0.56090837985246,-0.677014034260861,13
-1.04739682690517,-1.04646104649632,-0.905116869218466,-0.666430672633049,13
-0.725967877577983,-0.724681116432958,-0.719249191401999,-0.634254782577814,13
-0.6346942211765,-0.644689322677976,-0.671397599337169,-0.635023427752937,13
-0.651721673523003,-0.642133667235901,-0.673032624526509,-0.609666166032407,13
-0.475259881669607,-0.466363581987719,-0.552767599998077,-0.659717120228967,13
-0.838531353631843,-0.833763106872522,-0.77595474198787,-0.632648573642681,13
-0.579567739878495,-0.577578509000523,-0.624865712036829,-0.66427382977243,13
-0.567694787730836,-0.563428070737923,-0.608405992520539,-0.660107191808263,13
-0.248468977998981,-0.241479433612161,-0.388056259720752,-0.61625807902764,13
-0.178807023887397,-0.173674636414734,-0.324557458575095,-0.609516317850382,13
-0.255433746407168,-0.253209790529016,-0.392505910810019,-0.604749178299201,13
-0.431150689006851,-0.431468335172151,-0.519786866794292,-0.70007462333672,13
-0.432774944064943,-0.428738103879966,-0.524548958092231,-0.708304298677794,13
-0.238297809691312,-0.23502839396366,-0.37548067270879,-0.639449582391845,13
-0.345631410853859,-0.332276037028439,-0.464880553572394,-0.802693927145352,13
-0.784958999120814,-0.803142304870896,-0.739879832804081,-0.674522946500701,13
-0.339960135673601,-0.336733141999008,-0.461350480746866,-0.775562941698765,13
-0.275059061099132,-0.268025756890306,-0.407193088215977,-0.621441695095529,13
-0.262570505840131,-0.256511308362136,-0.401388521039364,-0.851476501773278,13
-0.492897711447348,-0.483614241079205,-0.569490716550465,-0.634977227091784,13
-0.756184737342885,-0.751818670069736,-0.734453276328753,-0.691062546371783,13
-0.889684627832288,-0.902625488846332,-0.807591385210579,-0.757689681431527,13
-0.240574066583193,-0.234506034579182,-0.381406562887777,-0.627516180037243,13
-0.769858821717278,-0.770211127869443,-0.736705094952464,-0.649149988772359,13
-0.83559229441063,-0.836822017482959,-0.775149781087171,-0.717082114039197,13
-0.713098607192863,-0.713650724635179,-0.692990213933628,-0.693526490112495,14
-0.671456218129778,-0.673151272424616,-36.0436533891172,-0.713648356742824,14
-0.690167831266192,-0.712165199147201,-0.693309165568803,-0.693521811022329,14
-0.378592020981034,-0.376847370680259,-0.696622470802552,-0.706764466055726,14
-0.746919075828824,-0.736118231051318,-0.688856124924023,-0.692772590000587,14
-0.992741604956494,-0.95635927929722,-0.690720279080047,-0.912116278477091,14
-0.183471202579106,-0.179841135378829,-0.7055388975214,-0.640407280103522,14
-1.01208031473179,-1.02590096058791,-0.69250762496238,-0.74955286388254,14
-0.366202997824345,-0.373153698619191,-0.697349000991715,-0.651831254615286,14
-0.13698881471775,-0.13619107399296,-0.707252884561872,-0.637664820310835,14
-0.286579434491811,-0.276415846965548,-0.700775373814907,-0.550896738163331,14
-0.183028493484502,-0.18827554054965,-0.703147260634359,-0.692127309110396,14
-0.621534279590309,-0.594461615579402,-0.693692282837201,-0.702067291933526,14
-0.313121293999351,-0.326152824654291,-0.698204086707737,-0.649657709775644,14
-0.516907839959727,-0.512857343407253,-0.695213892175141,-0.713915527733628,14
-0.772216289004527,-0.75048128155094,-0.69221343819037,-0.755059166135631,14
-0.142342204123761,-0.136414246800638,-0.706027663288306,-0.782944502770532,14
-0.389993990107707,-0.395418087510823,-0.696865372429904,-0.688449342631416,14
-0.332712286153192,-0.33003330055639,-0.700001496052504,-0.67198864918622,14
-1.361710544926,-1.36174266912798,-0.68707842885052,-0.704988053564121,14
-1.27732543685551,-1.30487342328022,-0.688468586744158,-0.700463178023243,14
-1.22774617250048,-1.21500646181767,-0.689113635223423,-0.696654752624221,14
-0.647915013773699,-0.682296970183959,-0.694503869802793,-0.701852792758717,14
-0.100618697917807,-0.105229984475532,-0.707492991155896,-0.659951191765455,14
-0.267011431322696,-0.288786989450519,-0.698737753396151,-0.647440517631445,14
-0.0535288015023273,-0.0511416316404347,-0.71185162375473,-0.622924260982387,14
-0.0582250916203021,-0.0554883111913466,-0.711315562651126,-0.651919424698649,14
-2.4197290741678,-2.32599399037067,-0.684638010095888,-0.762467207531414,14
-0.195171066065552,-0.205114829012244,-0.702464801296332,-0.74696529922051,14
-0.836235381508251,-0.838579501905414,-0.691925677571719,-0.659642262187921,14
-0.277808664411372,-0.269385477107206,-0.699614568381526,-0.733367734933537,14
-0.0889280267003303,-0.0929677571586991,-0.707843650974827,-0.668241172682773,14
-0.40268423517533,-0.40972857428197,-0.697249064116714,-0.725265178947711,14
-0.393500899380459,-0.383555874447174,-0.697126726494744,-0.722832303927594,14
-1.3028994307432,-1.30116065225511,-0.688703920716689,-0.655881528585087,14
-0.327547580042831,-0.320564329696912,-0.698634918413419,-0.680978932857005,14
-0.542606151758572,-0.545300107284668,-0.695000408810532,-0.71302136126069,14
-0.667039069612822,-0.670546554260112,-0.693212276195176,-0.727947013202359,14
-0.0851741861187484,-0.0827757576477342,-0.707933786796626,-0.665965166322813,14
-0.251217990365133,-0.244490098204642,-0.69996951289591,-0.740956047017252,14
-0.389558711576627,-0.373135138336353,-0.69723706496407,-0.68584397090835,14
-0.359338451599291,-0.344343651558764,-0.697740531182035,-0.660334023201805,14
-0.157845297441064,-0.155142990921216,-0.703332996019689,-0.659059756101126,14
-0.769169475335931,-0.767317700617296,-0.692402169511584,-0.671953746721309,14
-0.217592676503589,-0.217088126179989,-0.701227677410047,-0.686803770319792,14
-0.0780977974866944,-0.0763855434876545,-0.708335218275748,-0.753838806748811,14
-0.271568774199735,-0.266682891532027,-0.699542290654648,-0.69449711481188,14
-1.52792374007375,-1.52842541168902,-0.687620288064858,-0.716082506824471,14
-1.40407587956515,-1.41298520354621,-0.688115245662131,-0.70695281575391,14
-0.448661393984849,-0.448395518007094,-0.696042993930308,-0.653271393769123,14
-0.661574851848599,-0.662015474203338,-0.674466261868086,-0.692570731039766,15
-0.635038497222929,-0.725044727066269,-1.27946622047645e-06,-0.68326899415683,15
-0.357936761269603,-0.72487798728256,-0.773101615990377,-0.693716531054099,15
-0.166211505619831,-0.163621105997313,-0.055152818445011,-0.681606367159086,15
-0.237853244536307,-0.224523839519972,-0.0955420842008854,-0.720615159874968,15
-0.139659085774299,-0.119087081959092,-0.107260451753879,-0.557067856788056,15
-0.124408744138779,-0.167416898926984,-0.328596267522569,-0.655807975604283,15
-0.0163471358754749,-0.0209916124582608,-0.0729615649284883,-0.633170418226112,15
-0.78275811443817,-0.819724311430601,-0.72160479049822,-0.691145867237273,15
-0.529270470760023,-0.524588556231974,-0.350773612677946,-0.641149904122404,15
-0.287868593739129,-0.309915239625426,-0.453652126465578,-0.641193571473319,15
-0.0323961053755586,-0.0432530412942566,-0.0541924487095333,-0.623102672403339,15
-0.0947921463894396,-0.110960429367435,-0.0808634578467222,-0.876356349228512,15
-0.308123290137047,-0.32055062743889,-0.3095381301865,-0.689136501879744,15
-0.602019548581962,-0.646590316134093,-0.587918306087005,-0.797122678400337,15
-0.747384390855205,-0.730679858814881,-0.788495271863338,-0.666592123434406,15
-0.311994758979841,-0.325534573307739,-0.459081366547589,-0.67783894123657,15
-0.521050653688462,-0.578635677925823,-0.598815073995886,-0.719193929268286,15
-0.0290015407154328,-0.0321076801127373,-0.0595706386554578,-0.645305751161644,15
-0.0589085541817619,-0.0628766302900488,-0.112886437732702,-0.616593923429887,15
-0.00656428828652518,-0.0077382346518325,-0.0261841093657707,-0.580875342872337,15
-0.134211029468006,-0.137695249474217,-0.216099399871376,-0.619968922163126,15
-0.52155205728019,-0.520324828507619,-0.485155347706976,-0.716955471305694,15
-0.877818104087831,-0.865595898982729,-0.855447828702744,-0.632784080549334,15
-0.0322612525268834,-0.0345725995931609,-0.074403136091512,-0.613777070321151,15
-1.13097915871841,-1.06097485173674,-1.007274155687,-0.725809591868247,15
-0.222139483905722,-0.226995731136909,-0.308262639982585,-0.611011263781508,15
-0.0188391002514395,-0.0217817886234834,-0.047013493878105,-0.868701153100569,15
-0.233629200107634,-0.231538029349341,-0.318469219808,-0.736970088272048,15
-0.123665217445082,-0.125066911312998,-0.20044453984592,-0.679557092806435,15
-0.130445298475977,-0.13129283422222,-0.221986094083009,-0.668417892701846,15
-1.48839279129419,-1.5288003682142,-1.23169503937294,-0.706286160156164,15
-0.096880074159602,-0.104354518950797,-0.164395220875827,-0.681444874038414,15
-0.247449335436602,-0.242268541895684,-0.337244555100695,-0.67927811983598,15
-0.0411093248452756,-0.0445988124926739,-0.0921294095569442,-0.630118713505071,15
-0.031658398081734,-0.0347029903260949,-0.0715437572924544,-0.605768038740056,15
-1.12867868896131,-1.11915288764409,-0.987069875023815,-0.725334957062102,15
-0.0955960849630407,-0.0922973570594104,-0.158871268676636,-0.642555889702244,15
-0.0174732422822992,-0.0196960704893748,-0.0488062710111616,-0.876591122031188,15
-0.0155421682102946,-0.0162390958775892,-0.0450024439360076,-0.644390188606718,15
-0.032546591927814,-0.0357085732670788,-0.0780760811767293,-0.687949656858794,15
-1.02346476723965,-0.996391589966166,-0.924077481362431,-0.720794142421951,15
-0.30113062844084,-0.324891967565367,-0.383112673806488,-0.665387580114607,15
-0.0898024111027978,-0.0957205883371489,-0.160346609983962,-0.656425849930136,15
-0.172447993437311,-0.177527860009992,-0.255675093555495,-0.684868815348892,15
-0.232855500092458,-0.249176341139435,-0.307624837953204,-0.681665897183275,15
-0.470577890693415,-0.478046764026332,-0.528404032913787,-0.590413249452082,15
-1.38639037046827,-1.37108669548906,-1.18157740317804,-0.76537795891636,15
-0.245707873350918,-0.25296110853566,-0.331121226340705,-0.668938283558887,15
-0.200904074983725,-0.20907573853831,-0.28142353402981,-0.768148069289087,15
-0.678761555880996,-0.679066981286324,-0.683953671316686,-0.693037609803687,16
-0.545609931089968,-0.707452744548591,-1.06566888703635e-09,-0.707580108423808,16
-0.382926396000164,-0.707473407033852,-0.565658285727779,-0.698873890948695,16
-0.860952962067583,-0.812637987770674,-1.12090310235082,-0.732202904663382,16
-0.881170908605066,-0.891469289608336,-0.702445565319661,-0.833742111247275,16
-1.12126491728138,-1.11483616741112,-0.9697735024403,-0.79291179520149,16
-0.545026670202701,-0.554286130583992,-0.593263347811157,-0.718510094649667,16
-0.64035028421711,-0.626058806393751,-0.497251044928479,-0.701673379872212,16
-0.261029891352996,-0.280440799686793,-0.252061563489339,-0.801625744548147,16
-0.142244418716295,-0.158868100986114,-0.206633021609049,-0.693035547530258,16
-0.222223856227697,-0.230581615211037,-0.259251631551051,-0.693257262986467,16
-0.211691032197229,-0.227246656830734,-0.266087457853958,-0.693105196566774,16
-0.174356349974087,-0.191560169022181,-0.218116787741378,-0.693037438366514,16
-1.54579861940955,-1.46371005893214,-1.35026197576847,-0.693256157701114,16
-0.287716838625274,-0.299691628805264,-0.307159232649151,-0.693256746640883,16
-1.19617597822824,-1.16117758486119,-1.08315064940787,-0.693256809455668,16
-0.342756229589571,-0.346382835468146,-0.357440341362242,-0.693256075391456,16
-0.580754641113546,-0.581342396739866,-0.570962202171218,-0.693256745270465,16
-0.29176037009113,-0.306720466783281,-0.299680434235665,-0.693255985827199,16
-0.164339156273104,-0.175107971108906,-0.21431649913975,-0.693266393637631,16
-1.50168109443511,-1.47522713956403,-1.25306989971847,-0.693257603578267,16
-0.391664541892855,-0.402666119176246,-0.437580279997523,-0.693257411293332,16
-2.01407811481509,-1.98145723485939,-1.69340054992238,-0.693035190674211,16
-0.870641572436951,-0.874641726869874,-0.873369671984894,-0.693257556815459,16
-0.482730431366674,-0.496587842143841,-0.50871275415903,-0.693037327798183,16
-0.20278176425615,-0.212286625867518,-0.254801375134352,-0.693257930459437,16
-0.442543618060181,-0.488528742288827,-0.522141041085719,-0.693257300721196,16
-0.495219039799412,-0.502110889087397,-0.532816499911253,-0.693256319521737,16
-0.450608553648055,-0.460848641111565,-0.475177351019256,-0.693256182398357,16
-0.40425338392812,-0.417933845550906,-0.449794093786085,-0.693036393790302,16
-1.6644064258334,-1.6244528121213,-1.44121474279351,-0.693258451020152,16
-0.576041039943707,-0.579682187614491,-0.602960535708879,-0.693038232393265,16
-0.502156495948874,-0.503417315938238,-0.544987162357209,-0.693034132071322,16
-0.597767444076577,-0.614139861721472,-0.621169196434148,-0.693035795621443,16
-0.251619171806802,-0.262519286189207,-0.310191186769789,-0.693257422726745,16
-0.827656230730881,-0.822168757357559,-0.799938806778008,-0.693042091614927,16
-0.377880031714442,-0.390865316263223,-0.424650465492554,-0.693032402672117,16
-0.620556379508649,-0.623971426570391,-0.62842948653982,-0.693032856435891,16
-0.475597785770832,-0.482566029418061,-0.514381739624284,-0.692736749850247,16
-0.444437326758985,-0.452411725343608,-0.489196687322311,-0.692600208000188,16
-0.311945192722619,-0.31807700311148,-0.367756034282443,-0.693041851179621,16
-0.284702602942945,-0.295676683703312,-0.344870654958187,-0.691369986764025,16
-0.102113951165448,-0.110135955865246,-0.156650116547873,-0.691086665251654,16
-0.163070912562409,-0.175395963948579,-0.224604043174607,-0.689713891285436,16
-0.8809046011424,-0.861133459506999,-0.840418044607043,-0.689230076054513,16
-0.727240500113167,-0.726286495658152,-0.728665495100933,-0.698720842168497,16
-1.32613071489852,-1.30215680860188,-1.19853774408431,-0.695851569114657,16
-1.7785564032936,-1.71603287081595,-1.51832816341014,-0.691139728541671,16
-0.464632607405182,-0.475756938894155,-0.504877782208341,-0.689522777337348,16
-0.488396324299987,-0.492336805055552,-0.524459866362924,-0.690794981147595,16
-0.70257735368193,-0.702965128496465,-0.692691806047366,-0.693555973694344,17
-0.705183535762615,-0.703184141455386,-8.62849183853771,-0.659335206457443,17
-0.702137452935638,-0.702968597979562,-0.649062001263846,-0.693545152618286,17
-0.791857155938513,-0.790349087023294,-0.682086475044181,-0.674700483774814,17
-0.631228884283598,-0.633489338970249,-0.708407675224432,-0.706315295687857,17
-0.944261330998392,-0.910102897497074,-0.661315128459042,-0.687910489953062,17
-0.447884333922408,-0.467820610874528,-0.725825370418952,-0.69355809587184,17
-0.400734069429838,-0.397491666463279,-0.729099881450811,-0.693553002059571,17
-1.52230928806481,-1.51174821892841,-0.665158479330313,-0.69272149653175,17
-1.43353569964721,-1.42142736290548,-0.657377433421474,-0.693554565433676,17
-1.64349958011107,-1.66988528317615,-0.661956710522977,-0.692728757563517,17
-0.60098485698148,-0.586663215591769,-0.700768808518011,-0.69356447860632,17
-1.29691986375903,-1.29737040717347,-0.668289995110568,-0.693556527762576,17
-0.544772293890684,-0.536037299860394,-0.706384482665859,-0.69355800712306,17
-1.02284168265542,-1.02923599484867,-0.680188205358901,-0.692732812391395,17
-0.58414407536678,-0.584671645883868,-0.697393112192448,-0.692736861588556,17
-1.70566427872853,-1.73830144497305,-0.659672580240522,-0.693555069814934,17
-0.310920365895717,-0.30417929452288,-0.731886798978428,-0.692741860854565,17
-0.507392980766407,-0.504554546064397,-0.71043697450381,-0.692738936367574,17
-1.43566439129658,-1.45636286706092,-0.663057340236535,-0.693559317329571,17
-0.64560767335102,-0.668736569132358,-0.690765609714344,-0.692735846994002,17
-0.414316412764391,-0.414817664886339,-0.712891633213421,-0.693550363401334,17
-0.619606712808978,-0.615042693489393,-0.697642995539588,-0.692720910621207,17
-1.18941658064833,-1.20342885097339,-0.671614923971825,-0.692744065939074,17
-0.607178270612763,-0.607689817908707,-0.698216342500283,-0.69273340491177,17
-0.423648117466203,-0.413710141529245,-0.717858699057137,-0.693550530368022,17
-0.332536630931688,-0.328199031494064,-0.728756674095896,-0.693573353266385,17
-0.29321631617511,-0.286342897186364,-0.734042705080512,-0.692733790658703,17
-0.29732808951638,-0.286259689043573,-0.734425103915628,-0.692719740290255,17
-0.523908744181728,-0.522430734675295,-0.705233912495681,-0.691994368295729,17
-0.574789631015446,-0.582026520278968,-0.701436488292567,-0.696130925258384,17
-0.417151104797497,-0.411527917815534,-0.716107825728444,-0.690886144755733,17
-0.35816816811564,-0.350448039419117,-0.723366988747698,-0.689592925917178,17
-0.663696322055368,-0.668827283894951,-0.69490689449544,-0.68214294018674,17
-0.506456016410956,-0.50228308480322,-0.707393996920559,-0.693548280785539,17
-0.40825104596524,-0.401608537285856,-0.718141061587411,-0.692505303905375,17
-0.796183803614083,-0.794239429945455,-0.687315012101101,-0.69863369523929,17
-0.894031907590402,-0.896028675752422,-0.682942544705865,-0.687242730074928,17
-0.305891394051129,-0.299052825074142,-0.732451203540844,-0.689467574279965,17
-0.461738545649183,-0.453219380594587,-0.711779754569973,-0.698207330702219,17
-0.524834445878417,-0.511433864770694,-0.704634877693779,-0.696877328186537,17
-0.288664154748112,-0.282730698257065,-0.735420968961715,-0.690990907392951,17
-0.54067200017435,-0.534771633036782,-0.703952763236601,-0.695573660891076,17
-0.713505304740846,-0.707381233608997,-0.691275584291781,-0.695743605588489,17
-0.622015897173787,-0.619423234407853,-0.698505856851601,-0.695968377290653,17
-0.636103917311117,-0.632341416273435,-0.696776186363735,-0.694464454721294,17
-0.43290811597259,-0.428794643253849,-0.715276066777435,-0.681437788982095,17
-0.636227221575567,-0.632845535389998,-0.696812193923007,-0.699868644405153,17
-0.43887327145131,-0.433067417041991,-0.714202844946999,-0.690988890074103,17
-0.79438979036028,-0.796242487094605,-0.68752564565211,-0.691843619323721,17
-0.70300232636107,-0.703137922971795,-0.698676926307839,-0.693557123124302,18
-0.700683556522867,-0.70306250388937,-0.00205979289093927,-0.672171152227993,18
-0.63642525448181,-0.683293430705722,-0.00126395014443241,-0.692723244715019,18
-0.845115473096518,-0.875666617319267,-0.905631525384036,-0.737758249733193,18
-0.678131341731714,-0.684021739470385,-0.674446341427302,-0.701242889201941,18
-0.614426142960359,-0.650500622847885,-0.768265985664427,-0.692732280334869,18
-0.536265694280283,-0.542015697893998,-0.610126830463533,-0.680523344096298,18
-0.804003871129385,-0.773233724411589,-0.772402975312358,-0.701530429026322,18
-0.591465344704378,-0.597753838542339,-0.635949993652811,-0.671706857746777,18
-1.23538801237242,-1.18465404123797,-1.11973987600585,-0.756704661564004,18
-0.510991156641801,-0.5205868094774,-0.558383054606278,-0.682896138954316,18
-1.14473428631936,-1.12764009076936,-0.983420019721589,-0.723849565220798,18
-0.691010957602157,-0.686451986298904,-0.70137691222612,-0.691396266932143,18
-0.482300030233613,-0.48641030146584,-0.521602936074177,-0.703550412399027,18
-1.11938201027794,-1.09642152829077,-1.00779626714107,-0.693231141975992,18
-1.00162339921431,-0.999558496759195,-0.886633498304168,-0.78752817638764,18
-0.532784644842159,-0.53068459500796,-0.576773671380315,-0.647545677039933,18
-0.482562271819443,-0.478317505362849,-0.55859808745185,-0.616855468636033,18
-0.285128744011448,-0.288187048861413,-0.378341508842532,-0.628752452482617,18
-1.01412136048919,-1.01549396397856,-0.895113923056223,-0.76590166617645,18
-1.76632844390649,-1.76529205908845,-1.40712805161388,-0.754537262018626,18
-1.1051620214972,-1.10786143244288,-0.968520534260543,-0.712152832180995,18
-0.372376996923927,-0.371008170985294,-0.445394981015198,-0.692010151312931,18
-0.839250783301134,-0.834420741539763,-0.8017662199925,-0.689177734223018,18
-0.59354428857347,-0.617886928592489,-0.664687431054725,-0.73495670279184,18
-0.531272848216818,-0.513460688676786,-0.536326010536286,-0.631113926524614,18
-0.888707872722895,-0.896513616799876,-0.798354396561284,-0.738964807915913,18
-0.293562715336814,-0.297703621454135,-0.390510865918895,-0.618450346271932,18
-0.619980453340273,-0.62265615345193,-0.642092832202071,-0.56888145399025,18
-0.996574139765241,-0.979911835204369,-0.900309303483694,-0.710979310698609,18
-0.732864704428097,-0.732784190160693,-0.72676369044658,-0.579511534891866,18
-0.401436506494412,-0.397352525095139,-0.470614691079656,-0.604901536577319,18
-0.322343317012115,-0.324344864214076,-0.409666801664229,-0.687669567813239,18
-0.608587766833568,-0.6135409592698,-0.631165211197158,-0.829524558214277,18
-0.54213833170699,-0.541986675203777,-0.583714526550764,-0.654618416223607,18
-0.72713160067981,-0.728128886802246,-0.714602479700307,-0.774312372661001,18
-0.286759212967203,-0.292295976511858,-0.379495485693579,-0.638319921241294,18
-0.466759623924498,-0.464150434700826,-0.528384895054366,-0.666585198654873,18
-0.81016219623104,-0.805493269113785,-0.772466832044101,-0.634585988891826,18
-0.468052131783653,-0.478794338373809,-0.525473819249159,-0.641320584922547,18
-0.866554087162073,-0.874048993118175,-0.817813216869684,-0.718849243247851,18
-0.690549061277875,-0.688466421781354,-0.690866323283644,-0.751342793846456,18
-0.310167717373273,-0.311233168325824,-0.399396165005526,-0.787885105790574,18
-0.667045731278027,-0.671828631406283,-0.6707744395506,-0.666431824598092,18
-0.522962121771479,-0.528660085596595,-0.570988099182676,-0.724167067550702,18
-1.62317937151674,-1.62057049656703,-1.3107654073669,-0.737594127308619,18
-0.285829297217641,-0.280835676993551,-0.380290572349262,-0.654845723141283,18
-0.31207609667244,-0.312854900012512,-0.401904506436664,-0.80122215968637,18
-0.457761369338779,-0.459610790300423,-0.520422747540926,-0.674446270121061,18
-0.643623027006919,-0.639999124043979,-0.654330042991305,-0.674230186778912,18
-0.718294584616727,-0.718364166859782,-0.702450402649821,-0.693567644782914,19
-0.531652542574532,-0.715545727910118,-9.81752973133895,-0.624449488874024,19
-0.60120554663945,-0.708952502577735,-0.702450350609316,-0.762037734762238,19
-0.177264333157352,-0.18004766277686,-0.226378259267912,-0.69875913570737,19
-0.340370713891457,-0.385856245331041,-0.0723859269893871,-0.692731753884701,19
-0.299034599626197,-0.467391224864583,-0.460155939141592,-0.693567837433148,19
-0.0330670877539443,-0.0399132469389405,-0.160376257052025,-0.692728807015275,19
-0.066945653869924,-0.0842903632530428,-0.260155186338237,-0.692726868286601,19
-0.358857319205824,-0.379280297596589,-0.473519710899094,-0.693566227863974,19
-0.334014464553857,-0.312490736089883,-0.486731901645794,-0.6927193776531,19
-0.0391979447011702,-0.0451153407379938,-0.207983166067914,-0.69274110811592,19
-0.654889797129384,-0.68040706162549,-0.59833014070249,-0.69357441196323,19
-0.064639433350561,-0.065952832885351,-0.255113783137927,-0.693568401518184,19
-2.21434745233832,-2.13267078593483,-1.10739711761177,-0.693567509662303,19
-1.0604830990965,-0.993357115234988,-0.840466306647907,-0.693566511687532,19
-1.2719633899243,-1.23682534535551,-0.978660238370216,-0.692724391810866,19
-0.222860255955947,-0.224671559232024,-0.359297060062338,-0.693567608730487,19
-0.0608896170456563,-0.0609882805850236,-0.247455788075129,-0.693568613103969,19
-0.0327565856817532,-0.03485855046465,-0.188511906454184,-0.692729086378089,19
-0.0558187357371753,-0.0599744076714264,-0.238849869644296,-0.693572295896204,19
-0.115387844027734,-0.119777222268647,-0.29901985593145,-0.693570579043313,19
-0.110775349380356,-0.114247949902587,-0.327776019529852,-0.69356849756356,19
-0.505843051719283,-0.505683855676907,-0.577158248807764,-0.692726527773867,19
-0.165587029320661,-0.168999048206375,-0.369216169338152,-0.693551490763325,19
-1.57128607693458,-1.55084436682003,-1.04046642791415,-0.693699200667161,19
-0.13812805759836,-0.164125277749644,-0.370698685962994,-0.693516062402031,19
-0.162223943248878,-0.166696851318936,-0.359027620610235,-0.687580948396654,19
-0.601239164306967,-0.606678420352601,-0.696461484043015,-0.691446364455445,19
-0.415162957732576,-0.427206567079123,-0.545663094813141,-0.701543978499644,19
-0.885371877620269,-0.886361620479317,-0.775203494163778,-0.671078361570827,19
-0.355430712102876,-0.362176152703963,-0.513671371955131,-0.686817393776013,19
-2.12051105033294,-2.09035174995166,-1.25150815457535,-0.693439778828884,19
-0.97949197342757,-0.974328937060389,-0.81064047079483,-0.676432455555179,19
-0.0430744052324345,-0.0451638310528241,-0.212662873824399,-0.709839829240031,19
-0.0700702319673613,-0.0711657379001985,-0.258040248451927,-0.693567447722149,19
-0.0562593606960916,-0.0570217293658598,-0.237279247068374,-0.692710134511975,19
-0.234614528607535,-0.23904369329705,-0.423525052885774,-0.6925982923467,19
-0.0451570389696101,-0.047379452990841,-0.215425148568447,-0.692634854500679,19
-0.245626150208324,-0.254755575074137,-0.435073752228653,-0.694501071245895,19
-0.27971905379736,-0.284088182956254,-0.4564226515319,-0.686914834327068,19
-0.0461809431198224,-0.0477983589860517,-0.223839038201143,-0.683209942500963,19
-0.470566654978979,-0.473883752404442,-0.58016543600704,-0.68076447287682,19
-0.872114101764485,-0.868789111875305,-0.769736563225088,-0.684822981686823,19
-0.215576630867481,-0.224304368267646,-0.415633818858693,-0.688216589948252,19
-0.565602254203012,-0.564618024992426,-0.639140234943988,-0.681777107408149,19
-0.326447274571513,-0.327921017895319,-0.502527538230077,-0.709850400932188,19
-0.0563075115813165,-0.0587301521302109,-0.234951849999912,-0.691842458551012,19
-0.042125988028632,-0.0442085751598665,-0.216857320510019,-0.687806082219039,19
-0.689233866686349,-0.679282453956574,-0.696995562589142,-0.68414111416717,19
-0.0224901659158222,-0.0234794844272063,-0.161355023294205,-0.684798441751941,19
-0.693600198825923,-0.69362854480961,-0.69310132844307,-0.692956264801371,20
-0.694181900758491,-0.693637422208769,-1.0811035843916,-0.683875309483257,20
-0.696345357872212,-0.69403626797875,-0.693088469151673,-0.682118300798947,20
-0.693599771320038,-0.693627538270952,-0.73504789270165,-0.693195485580526,20
-0.733638509250558,-0.735043487597945,-0.743233332341378,-0.692955295291484,20
-0.723349571633246,-0.722995953801269,-0.70790117340467,-0.693339953525706,20
-0.694816946999157,-0.694749201089189,-0.710620827073934,-0.692957720229579,20
-0.707985940043271,-0.709214711072786,-0.694266698002913,-0.692954671100972,20
-0.713453467467224,-0.713334514656137,-0.693542668655423,-0.692957197192552,20
-0.696503138081428,-0.696723045223765,-0.693127336521679,-0.692957030903192,20
-0.700570609354098,-0.700574366475515,-0.696412299214869,-0.696708306266609,20
-0.702375918195299,-0.702472674650616,-0.697361017971504,-0.691802871402917,20
-0.747824983270159,-0.749163896326023,-0.701636425179311,-0.716169100614835,20
-0.702617711363022,-0.702196636446372,-0.710077808936445,-0.693429758877756,20
-0.691403899804011,-0.690979906849679,-0.69915842959383,-0.69454751145703,20
-0.690603491306004,-0.690411682192649,-0.69594043204117,-0.697415151706603,20
-0.696464390607955,-0.695544128993892,-0.708941934044943,-0.696338120207262,20
-0.690674704557202,-0.69036138287533,-0.696774477373272,-0.70419560879822,20
-0.691524294426595,-0.691276345365857,-0.699626280554683,-0.695361020488398,20
-0.797397936188567,-0.797863132876035,-0.728049742802816,-0.680250867741469,20
-0.709397477721431,-0.709599050628792,-0.718475568987358,-0.726463787700332,20
-0.7068887684855,-0.706188330046993,-0.710846916328523,-0.712368692266865,20
-0.71324989392468,-0.71311977813812,-0.719975707496905,-0.712799628678661,20
-0.690923169254648,-0.690594412023273,-0.693881124665505,-0.710628533267651,20
-0.717308855542127,-0.71892495971392,-0.699363879104775,-0.679874035233062,20
-0.832127188849046,-0.833186931278375,-0.743807984258719,-0.672841790151145,20
-0.69714841791009,-0.697181944242584,-0.69316084162827,-0.674671578195489,20
-0.690730043587767,-0.690576970260495,-0.694398101461908,-0.681912225887561,20
-0.696256618066887,-0.694797931774595,-0.704114582331374,-0.71628620183108,20
-0.692673918246472,-0.692364327354152,-0.70083229274255,-0.746588174612183,20
-0.776019488966357,-0.774177140701375,-0.763471040390347,-0.733755504861455,20
-0.693221299860678,-0.692754911204856,-0.701384796332496,-0.73364249423811,20
-0.69689361211329,-0.696904751354693,-0.693177811072657,-0.777054796259726,20
-0.694927319522392,-0.694528585738769,-0.702856243428551,-0.684146144833062,20
-0.744864904501521,-0.744904976585099,-0.709383721459581,-0.727862847580583,20
-0.712501437212778,-0.712807465732725,-0.696704704544377,-0.690577224680789,20
-0.695188192765725,-0.694455171343471,-0.703454066067124,-0.730586101683922,20
-0.802247208965213,-0.802052128753534,-0.73116882512102,-0.669851511148113,20
-0.746737760254501,-0.747028953463778,-0.743179543430093,-0.666040987623331,20
-0.693584759737962,-0.693668280745487,-0.69310128490288,-0.67717281313372,20
-0.695037347301098,-0.695190727922918,-0.69304846871789,-0.711482709763333,20
-0.703466901751992,-0.703685904635029,-0.6943766548224,-0.669249387854942,20
-0.693151902698064,-0.693206858299329,-0.693166610299623,-0.689821119472882,20
-0.69095424916582,-0.690494986408358,-0.697033106611176,-0.704949836873941,20
-0.700644918279997,-0.701040619062801,-0.693802815269418,-0.721565146228413,20
-0.691294774784298,-0.690956086196621,-0.69773218762799,-0.698854446536022,20
-0.694521945881603,-0.69391747906694,-0.702259789685296,-0.735205067701483,20
-0.755663762477993,-0.753871906256516,-0.752057725874889,-0.709267365692565,20
-0.691157798430874,-0.69103358923493,-0.69396779418016,-0.680316144034202,20
-0.690597581214169,-0.690351047395143,-0.695265413774894,-0.703181864214147,20
-0.674417884737214,-0.674351517836039,-0.692846172492538,-0.692956921689623,21
-0.577393544129468,-0.712363440112122,-0.810597359841216,-0.69333315336027,21
-0.775087252620371,-0.774274018840763,-8.3967976106891,-0.692955853643111,21
-0.929111044879632,-0.948780223966724,-0.752749274091167,-0.692956085531999,21
-0.300119665117883,-0.295551098546028,-0.692846190518079,-0.686731256789284,21
-0.409335492145436,-0.422720967405388,-0.684096692632641,-0.726236147036014,21
-0.946351521758168,-0.91457641344156,-0.701889535361664,-0.703882539210092,21
-0.80723097443554,-0.825861792418847,-0.699190164137905,-0.691569981771882,21
-1.8686268110364,-1.80944316838847,-0.71155638320455,-0.72165998770526,21
-0.270721564685127,-0.279677259977217,-0.680068664127288,-0.819883739707331,21
-1.08156862902108,-1.07853720307521,-0.700906848729654,-0.693328099914485,21
-0.210259883147984,-0.216613321968785,-0.683005558782663,-0.693271447469357,21
-0.35013620004072,-0.334383725282026,-0.682590134137538,-0.689411452915181,21
-0.516437046863175,-0.533973949318315,-0.687339216611679,-0.686104710718324,21
-0.454930057115932,-0.460187910534235,-0.687818037307286,-0.688970923224168,21
-0.84510224601192,-0.862245555016587,-0.699063539643478,-0.702449219710263,21
-0.234940238773227,-0.240384716906999,-0.682954229171867,-0.691619315644174,21
-0.431322144942804,-0.433918634996489,-0.683608132237035,-0.691600435692845,21
-1.9193870116977,-1.86971784355274,-0.716378297139473,-0.707346711725716,21
-1.96450494292233,-1.94963933607942,-0.716413276129592,-0.71437807439637,21
-0.140524925663636,-0.144351008733753,-0.680209422298842,-0.717439734253035,21
-0.915815811546946,-0.913431149017378,-0.695731360613339,-0.702302994157237,21
-0.541707628768329,-0.56253394935986,-0.689793217063773,-0.716413042924597,21
-0.182072608005717,-0.188692577653329,-0.681795728755065,-0.704181539724173,21
-0.055692946607489,-0.0581012133879289,-0.679195849287253,-0.686545831249587,21
-0.106164627134017,-0.151784419758335,-0.679788965590097,-0.691389221049534,21
-0.0794986654888504,-0.0815148293794763,-0.679470167635292,-0.71316720425779,21
-0.943674511376659,-0.955687618296787,-0.697840345732848,-0.692981243609823,21
-0.123925939283931,-0.1273055677972,-0.680073659379614,-0.693261201124433,21
-0.215475925167582,-0.219332082319212,-0.682232545912016,-0.687818253161816,21
-0.756414374938794,-0.767185101269719,-0.694639252806622,-0.688825266051772,21
-0.390135546329385,-0.409227761286808,-0.686533398267488,-0.68918715614041,21
-0.354678200846359,-0.361310040752688,-0.68569784674128,-0.689616570166578,21
-0.277877266413126,-0.273703560301651,-0.683761633128067,-0.70666834604727,21
-1.40322987726157,-1.39628448832913,-0.705611836202508,-0.690884635285063,21
-0.0862569302891458,-0.0889897668451027,-0.679389088883342,-0.686237470515166,21
-0.874497089889516,-0.881639138361761,-0.696855731193812,-0.687948934950551,21
-0.348977955546056,-0.36333211335485,-0.685519688927462,-0.703687563266561,21
-0.121322802054331,-0.124096842234013,-0.68002053681159,-0.706619200841702,21
-0.233068490677105,-0.240021273653075,-0.682869793396046,-0.692964049008504,21
-0.931621308085466,-0.939249435278643,-0.697945769394322,-0.691308204822416,21
-0.330575718014042,-0.332582152936528,-0.685085988704339,-0.692595853654672,21
-0.542073753188495,-0.536065098666275,-0.690052030838945,-0.691866043691516,21
-0.47285294402695,-0.466357756077465,-0.68861840853122,-0.689647909308434,21
-0.434706671036972,-0.434617689168924,-0.687554724948192,-0.694283100248749,21
-0.823935611943204,-0.827200944959602,-0.695651749150872,-0.691392925765927,21
-0.10605064367852,-0.107855595125546,-0.67974414657705,-0.693017075547158,21
-0.398043340588287,-0.398397745772852,-0.686714450304579,-0.692662902656008,21
-0.636818965899571,-0.614192643424967,-0.691922808637267,-0.690431892635589,21
-0.4360897304547,-0.435200662380022,-0.687587568599027,-0.688847139682719,21
-0.675388288413667,-0.67536294557972,-0.681532834386507,-0.692700229950666,22
-0.541726095828363,-0.675322944071319,-0.0283194328715146,-0.608238258954405,22
-0.611744334409954,-0.609003926430424,-0.704944433304235,-0.686890858067808,22
-0.639008285636587,-0.624132661919706,-0.190468907403611,-0.693594597780152,22
-0.739120341644169,-0.718068878056079,-0.704994919492779,-0.756927268766773,22
-0.726169245177064,-0.69756122857012,-0.427230857281515,-0.671809791707618,22
-0.867426558373048,-0.853725369866202,-0.710691003299622,-0.689063330118136,22
-0.198063140166898,-0.265078069696745,-0.240873728106588,-0.563510718989094,22
-1.02255220515433,-1.00546098121296,-0.934291286187084,-0.9698695725416,22
-0.704965086386452,-0.752981295486044,-0.862958713045628,-0.791211359929602,22
-0.490552779814724,-0.513780789174294,-0.506873373696946,-0.700074930701068,22
-0.375967265716183,-0.358603872664246,-0.385439289630146,-0.559398296927232,22
-0.298816021260535,-0.340768858813566,-0.33382763920415,-0.663491175898837,22
-0.591270664181685,-0.601203405790443,-0.450346365325847,-0.663005185033403,22
-0.66456380461064,-0.682880207772562,-0.638868758956813,-0.795347141802168,22
-0.483405993846209,-0.494335820350748,-0.481567099612505,-0.729021830878706,22
-0.266564387633071,-0.272575641224158,-0.309162747804834,-0.666155794441336,22
-1.24486911217307,-1.24319063764866,-1.31868166373552,-0.815450490442228,22
-0.300960889715636,-0.302609462489463,-0.354144897087058,-0.646329350724575,22
-0.638132146378991,-0.633291636448276,-0.524182673671385,-0.546384232272134,22
-0.765523064012912,-0.777680090901096,-0.743028616245238,-0.770862195607234,22
-1.72611747873801,-1.66854316591594,-1.63003025235747,-0.786837916651448,22
-1.14466053565916,-1.15193499357038,-1.00292681436599,-0.717188454423381,22
-0.742423134173957,-0.738285248523814,-0.697310634721084,-0.678017596355463,22
-0.598000933081766,-0.603586703675259,-0.625515723408514,-0.594212100970808,22
-1.18638660055656,-1.18078347866345,-1.05329164277389,-0.817241751208444,22
-0.354471177790723,-0.356279922490981,-0.398088644721904,-0.611856038286906,22
-0.247685717379368,-0.255107495935892,-0.339751401434996,-0.853232683207786,22
-0.320272417903483,-0.321106491875068,-0.384150546326171,-0.681770362343674,22
-0.220145428537724,-0.21962279603388,-0.274203638914143,-0.728934435131227,22
-0.354279641954919,-0.354230332613098,-0.388063771558036,-0.629166418968986,22
-1.04162003887507,-1.04638795282933,-0.975552727756844,-0.783749029387748,22
-0.24412800467795,-0.247820951017277,-0.293220323567839,-0.642453147357836,22
-0.188288705960723,-0.193008044800639,-0.241454939133929,-0.591712356638591,22
-0.651722357107522,-0.663916714772835,-0.653707188405469,-0.704430845875197,22
-2.15205454145013,-2.10919342489084,-1.84911386860749,-0.785733138961348,22
-0.246553512074974,-0.247842094934908,-0.305569196113627,-0.693020552649514,22
-0.251580688921202,-0.262454994885669,-0.299290935198339,-0.688880675518011,22
-0.2466840274123,-0.251782415514661,-0.301817575574353,-0.667024435463828,22
-0.81633705047874,-0.819969669768592,-0.794320245493196,-0.747365150702596,22
-0.112387712497088,-0.115333232587635,-0.159909997521046,-0.617823395888843,22
-0.374971184201862,-0.382126142114181,-0.419413920152604,-0.575853283402409,22
-0.75925024311183,-0.763560372451603,-0.757453349446177,-0.656739419324356,22
-0.931216878778842,-0.935891869291959,-0.867346781621772,-0.616319006543804,22
-0.14137908826691,-0.143639094510015,-0.19292235173896,-0.791980995503869,22
-0.0963793875980071,-0.0998136260011133,-0.142658377951935,-0.642932096884651,22
-0.110768877916351,-0.113629819830787,-0.160569554476238,-0.639959181690467,22
-0.40454936727894,-0.405191176304111,-0.443504423697866,-0.651674254979013,22
-0.819786857722731,-0.816888243093181,-0.798237477640737,-0.596111376384209,22
-1.17930129934232,-1.16992531577063,-1.08605158146352,-0.772807266169472,22
-0.677616195600742,-0.676578503127146,-0.690917653237975,-0.692597535053459,23
-0.947050922887752,-0.710045584297377,-5.26575459572846,-0.635248265216413,23
-0.710674556552244,-0.75728442027306,-0.846502213347806,-0.585361097052148,23
-1.02974508063845,-1.00882484034667,-0.939556860634072,-0.635657280443214,23
-1.74429098630171,-1.74025776028575,-0.99610742391735,-0.69258709561414,23
-1.41271172187953,-1.29790578834928,-0.885615299032234,-0.693697454691548,23
-0.849609641518001,-0.850139124123624,-0.722611707845186,-0.693698336120905,23
-0.855601342936869,-0.844213529907069,-0.724695300728968,-0.693698771987432,23
-2.26561903196302,-2.26600712865302,-0.922478063408973,-0.706691585072686,23
-0.377170104269861,-0.355405515097856,-0.636655653410007,-0.686373283708975,23
-0.185036427586298,-0.174310485690328,-0.571239917707175,-0.779676161068085,23
-0.150315158169806,-0.136136169940011,-0.556062201352354,-0.69366267921371,23
-0.334024194724791,-0.319699309288862,-0.605022276077195,-0.692646138045497,23
-0.895257554800513,-0.926086620221455,-0.723131643830338,-0.689788098600074,23
-0.988499772992124,-1.00332323460669,-0.736192671809047,-0.721026005195153,23
-0.219956773499876,-0.206465648782727,-0.592401553398086,-0.715433229649376,23
-0.336070427052674,-0.324494944683114,-0.618250633244387,-0.686564395933434,23
-0.44132542389503,-0.431535384748975,-0.649321080056261,-0.696854003218685,23
-0.501364082047531,-0.497694062925604,-0.6746876720635,-0.695847397233431,23
-0.686551481556674,-0.687786010209061,-0.684000692586741,-0.681957311327409,23
-1.11684777153589,-1.14075838574812,-0.762724390887851,-0.708945900971557,23
-0.963672630294032,-0.988293858797312,-0.739341626335788,-0.711836139461555,23
-0.250182577878804,-0.233937158510081,-0.593121789675426,-0.681669029054354,23
-0.457718557364589,-0.438112751038816,-0.636735101327607,-0.662809110065496,23
-0.430975914779934,-0.403495372234888,-0.631695808737803,-0.669256011664214,23
-0.481526757100194,-0.537215023944307,-0.67215633266794,-0.644751284924177,23
-0.18783676278197,-0.172586463895029,-0.576798161542202,-0.663489494153614,23
-0.27639330345559,-0.263773336810672,-0.598613018296317,-0.679640307618593,23
-0.69436298406941,-0.687814293559007,-0.701658518118721,-0.729415953217025,23
-0.226049007552071,-0.214777080650097,-0.586463217486344,-0.692941925382035,23
-0.575547932303958,-0.571025296472816,-0.674761137592194,-0.758694039547996,23
-0.407220546688734,-0.387613610156695,-0.633135265151975,-0.675337287764419,23
-0.169719874113799,-0.155060470542733,-0.567102062929951,-0.649226445713316,23
-0.127721289564605,-0.111648657367901,-0.548512710134745,-0.658783787004885,23
-0.0844664281939921,-0.0741523068998465,-0.526090930426074,-0.655068818623964,23
-0.748817111124461,-0.75883234028859,-0.704033283983794,-0.65841522877947,23
-2.28348670505933,-2.35991276617359,-0.91190340036023,-0.748554954885889,23
-0.224774001488799,-0.211014667856494,-0.585586630261404,-0.632702839271246,23
-0.563733833304948,-0.558159975090982,-0.669652385686516,-0.671220399472683,23
-0.223125492760937,-0.20447952509508,-0.583435510506753,-0.563408974248247,23
-0.430518325079527,-0.417847248564503,-0.641147102227683,-0.671786327205408,23
-0.691023593393283,-0.692839234813439,-0.693942093430643,-0.68471028650881,23
-0.426817784085259,-0.416670955486698,-0.642067370221713,-0.740894259138711,23
-0.315737166432433,-0.301790034830107,-0.614532049035597,-0.784863892647313,23
-0.338013053103132,-0.326707575444378,-0.616899880540163,-0.641648259789336,23
-0.175714438567872,-0.162939065710781,-0.56888153097596,-0.777209042434964,23
-0.841486871967193,-0.856996436851159,-0.719861740946429,-0.664826318986866,23
-0.459537350498511,-0.453923339277624,-0.647536303833892,-0.662195781443613,23
-0.578102453392394,-0.572979246386258,-0.669760505810504,-0.625996851362451,23
-0.155629641172941,-0.142366665492947,-0.55914919587923,-0.640374772409426,23
-0.664376099779154,-0.664706696648625,-0.676531365450429,-0.692778150952566,24
-0.460361656159334,-0.664638722094852,-0.0024290071951208,-1.42441900808848,24
-0.437534696930687,-0.66421421126431,-0.693535845973536,-0.692777966907679,24
-0.446728289492926,-0.377635448219832,-0.67653190429617,-0.711880018738349,24
-1.09205152589168,-1.024229827597,-0.934841581706073,-0.664519001496487,24
-0.426875229752714,-0.450313455444178,-0.576479743353101,-0.696909065031096,24
-0.198840389201944,-0.20945545260795,-0.136375468248218,-0.647087019609347,24
-0.421932254450752,-0.412904381991957,-0.342572293050011,-0.685621572295948,24
-0.189607181684213,-0.213670031446433,-0.1820126993046,-0.651044543883188,24
-0.242132330096125,-0.249958192771355,-0.322584070478599,-0.637983895310536,24
-0.0658193707586912,-0.0743256283024015,-0.11957791420887,-0.581672425297387,24
-1.5519328342121,-1.57590495742507,-1.4540447804374,-0.900040049515127,24
-0.300628385847404,-0.302301941633243,-0.443489540342339,-0.561064195589471,24
-1.64104332314291,-1.64310637393953,-1.05415659875213,-0.879826306714971,24
-0.947892941871535,-0.962826611955285,-1.01729154722534,-0.836050655257864,24
-0.218900663858238,-0.230254743937276,-0.362785409801622,-0.66056167001436,24
-0.176749589474863,-0.18553736552675,-0.162521939880786,-0.786868888515406,24
-0.27290566911362,-0.28478348761741,-0.272596855845438,-0.622802613979266,24
-0.816603611580933,-0.804132152706055,-0.836569494952239,-0.643517566694626,24
-0.0536943621551247,-0.0583085035474187,-0.0833786182326218,-0.681861809222878,24
-0.06262489290473,-0.0707215870370282,-0.142005236010908,-0.620113376355799,24
-0.246797536623987,-0.228863816499654,-0.367881198542861,-0.677447517072043,24
-0.442639449564605,-0.483843356665991,-0.520689502166747,-0.73043937833604,24
-0.347018128373577,-0.392974662980538,-0.461216637940351,-0.604437192550006,24
-0.366820573944681,-0.367114024994402,-0.438874897815166,-0.696298580768121,24
-0.0443713819753674,-0.0471714474098541,-0.0993355753039976,-0.646781748126399,24
-0.176857051329284,-0.188434994636262,-0.281013928486207,-0.714662299601859,24
-0.147878591199536,-0.152109734931557,-0.233291914939657,-0.674124363826525,24
-0.203052014504645,-0.212885375834105,-0.295798942857635,-0.670670558191118,24
-1.24850887656452,-1.25145997019352,-1.08479778775144,-0.749833346104664,24
-0.836873402637757,-0.831274484743065,-0.759845652383951,-0.773383448661399,24
-2.48506515571587,-2.41117890285265,-1.90840597150524,-0.817971162252036,24
-0.380400920472694,-0.389430425219184,-0.481978758034203,-0.675741888880339,24
-0.0276614329020963,-0.0331339186113026,-0.0756633917008266,-0.639817968520403,24
-0.165979234951124,-0.175259859870307,-0.255669465525744,-0.670007356915928,24
-0.603441103918553,-0.593143475083288,-0.616393195265005,-0.73302922891522,24
-0.424129499612988,-0.431512530685125,-0.499333367372063,-0.649336734614827,24
-0.410564620742175,-0.422794467115653,-0.505600947196296,-0.706303718173054,24
-0.159257722438097,-0.164538543952426,-0.256709227896462,-0.696894917416692,24
-0.736057068709679,-0.748468565366369,-0.676465257777779,-0.651679114765829,24
-0.535752225302159,-0.524704804654937,-0.579189803905975,-0.665044183513323,24
-0.0178373119228343,-0.0197790355775732,-0.0539026504637272,-0.679557323674933,24
-0.259534603098692,-0.260303643442773,-0.340291297473921,-0.637131790242567,24
-0.666476771804055,-0.682050445341796,-0.69913091534825,-0.685518825742795,24
-0.113136682410626,-0.124696359718912,-0.197850784112038,-0.689980299571967,24
-0.333542063095932,-0.338781337378339,-0.396831716620171,-0.639637702192336,24
-0.111480238952408,-0.115425169950189,-0.191488186610769,-0.657651038458855,24
-0.115031681973507,-0.123397289907361,-0.196978008750209,-0.68217521043573,24
-0.301263491669064,-0.310568390911646,-0.380789176683057,-0.660393568124332,24
-0.405968112249077,-0.410439625609107,-0.476707605302905,-0.661622044674821,24
-0.722578972357075,-0.722606346201739,-0.693686444095688,-0.693716560063171,25
-0.723273206099142,-0.72345980415938,-0.823892264692724,-0.683384967524262,25
-1.07248105448718,-1.11805165988282,-26.7904874557458,-0.534806959175564,25
-0.378546391046463,-0.426010830713563,-0.692610078393972,-0.731339194174338,25
-0.374150105107751,-0.527304402257525,-0.685575262089148,-0.692578105453566,25
-0.283996814549479,-0.289522744257264,-0.680327789563549,-0.692565741075817,25
-0.433388898437921,-0.475298946012714,-0.687708355044616,-0.705996902815466,25
-0.114136135318163,-0.106700438818193,-0.661518799610491,-0.602661885218842,25
-0.324629078960265,-0.337907342457696,-0.691108346145925,-0.584217833852326,25
-0.278250370206524,-0.294492496255016,-0.669581997417269,-0.693711621186071,25
-0.0464486749923687,-0.052634521043437,-0.660089917538303,-0.693704339598384,25
-0.114205897232833,-0.119338432185411,-0.673537337403773,-0.689073808395921,25
-0.286007432123182,-0.290514720588609,-0.679342720772194,-0.690154442864744,25
-0.0740545309639187,-0.0833125820759494,-0.668856298319413,-0.718611677164133,25
-0.012674616441002,-0.0139362898707271,-0.650875992831331,-0.663344240743922,25
-0.0490523311280838,-0.049455230072513,-0.661959502977197,-0.692912166830658,25
-0.300845208416487,-0.31081874065946,-0.686273316111406,-0.650786105588375,25
-0.036676580569411,-0.0374932034930548,-0.658692041056083,-0.637753712364942,25
-0.314361573449133,-0.329880795407275,-0.683831165051707,-0.697752607887238,25
-0.407911254262784,-0.405666895034579,-0.684374425111856,-0.652832775561894,25
-0.61745071816936,-0.65272922537847,-0.690338021427765,-0.750884311008923,25
-0.262585487465762,-0.280186182382042,-0.680943315194492,-0.773584408514059,25
-0.0946402895505854,-0.100193786516502,-0.669407431721718,-0.573393673719762,25
-0.523502292781603,-0.528675269801511,-0.687468623155288,-0.575812675463405,25
-0.997676572512936,-0.997754233969977,-0.697617400892161,-0.769070036331613,25
-1.02028310424728,-0.990420277514316,-0.699713076971144,-0.568397296842813,25
-1.49887556734641,-1.44786916092628,-0.704891584338393,-0.797120574149801,25
-0.26360864666059,-0.268036808358561,-0.679804372712608,-0.676485701679997,25
-0.148614247790049,-0.151624300727924,-0.673657957365835,-0.833187477189307,25
-0.0268902520497314,-0.0282042943024893,-0.657732704599217,-0.627256224459443,25
-0.555545403749892,-0.545482118000298,-0.68929248049483,-0.650222041205622,25
-0.0420984699645128,-0.0453715923404316,-0.661287867953226,-0.935350668358968,25
-0.146331725366944,-0.146841881004831,-0.674269299557318,-0.64483001705397,25
-0.0197107865462786,-0.019990923607603,-0.655146031681095,-0.659969656010011,25
-0.0456682399873313,-0.047772823994717,-0.661795267290357,-0.643946826765458,25
-0.0552894396163788,-0.056622137670021,-0.664495190284849,-0.722722811442055,25
-1.54116545622866,-1.51943777721629,-0.708291036942172,-0.646236786601578,25
-1.92857558948079,-1.8994229208939,-0.714399705971379,-0.683076226794254,25
-1.1914134806191,-1.19557905556088,-0.702974282741615,-0.734484964390255,25
-0.252754583616773,-0.256088137118838,-0.679282353453024,-0.680155487680489,25
-0.094382924050895,-0.101920322957935,-0.670357790628777,-0.646210994820449,25
-0.375434720750586,-0.37711254606007,-0.684097143483485,-0.737723054044697,25
-0.288803975546047,-0.300206414718349,-0.680650614608691,-0.67569227537683,25
-0.0307621883322947,-0.0316369304624535,-0.658700432924711,-0.628429019490824,25
-0.473973423354191,-0.48272324177524,-0.687138477701925,-0.73714479248564,25
-0.166918815153786,-0.174820398363352,-0.674649195666004,-0.660941594042029,25
-0.0430032783920744,-0.0452480705849289,-0.661311824872507,-0.59072356669281,25
-0.0338962050174602,-0.0369062258911443,-0.659674434588106,-0.623555178334364,25
-0.0487270384374003,-0.0501757292317232,-0.662608153920257,-0.862113049392319,25
-0.42647620305627,-0.433734705891397,-0.68611831813827,-0.665874230082216,25
